VARIABLES = "X" "temp" "u" "rho" "N2" "H2" "H" "O2" "O" "H2O" "OH" "OHV" "H2O2" "HO2" "NO" "NH3" "NH2" "NH" "N" "NNH" "N2H4" "N2H3" "N2H2" "H2NN" "NH2OH" "H2NO" "HNOH" "HNO" "HON" "NO2" "HONO" "HNO2" "NO3" "HONO2" "N2O" "HNO3"
ZONE I=100 FORMAT=POINT SPECFORMAT=MASS
0.000000000000000000e+00     7.499964452232293297e+02     0.000000000000000000e+00     1.875162439434752581e+00     7.670898458959177768e-01     0.000000000000000000e+00     0.000000000000000000e+00     2.329075617418567001e-01     8.126288389117065905e-16     0.000000000000000000e+00     0.000000000000000000e+00     0.000000000000000000e+00     0.000000000000000000e+00     0.000000000000000000e+00     9.041663454448098815e-07     0.000000000000000000e+00     0.000000000000000000e+00     0.000000000000000000e+00     3.432631586455991928e-31     0.000000000000000000e+00     0.000000000000000000e+00     0.000000000000000000e+00     0.000000000000000000e+00     0.000000000000000000e+00     0.000000000000000000e+00     0.000000000000000000e+00     0.000000000000000000e+00     0.000000000000000000e+00     0.000000000000000000e+00     1.687969281394889122e-06     0.000000000000000000e+00     0.000000000000000000e+00     5.051556423699911680e-13     0.000000000000000000e+00     2.260927539374774934e-10     0.000000000000000000e+00
1.010101010101010187e-02     1.646680102709152152e+03     0.000000000000000000e+00     8.040260419193919761e-01     7.584229150972421341e-01     1.604022457878323567e-07     2.397358160392375351e-09     1.492747143897231454e-01     2.615268503724807748e-06     9.019096088509863385e-02     1.322730059881265787e-04     6.779964523782229951e-17     5.537571252625596502e-08     7.064991209986911433e-07     1.958149723037176746e-03     2.344796967844911769e-13     2.590997725797672434e-14     3.745712904180111291e-14     4.174595650566333888e-13     2.892526274062891068e-13     3.513932169597624433e-26     5.086204279255898456e-24     3.198930482409063676e-18     1.786218806396498222e-21     3.529485509219476672e-16     6.401894072402520022e-14     6.492048310660318150e-15     1.093837663387467912e-09     2.008739602619972162e-12     1.691025948019279749e-05     2.685825781852043046e-07     2.200523517390538539e-09     2.006767476433389344e-10     4.378961605663282899e-10     2.637890056756921569e-07     3.888876910311578571e-10
2.020202020202020374e-02     2.281808642423085530e+03     0.000000000000000000e+00     5.468703058353869828e-01     7.479101770064292554e-01     8.323616955516908642e-05     5.633011129655412210e-06     6.218817350689188894e-02     3.111675373762900023e-04     1.776248192675328741e-01     3.972485368194669623e-03     5.346262600386513639e-12     6.390733330452522966e-07     7.693260457773743970e-06     7.881079821466692448e-03     9.150536706064593262e-10     5.052268143601866527e-10     1.170542587520894138e-09     7.322166105975538843e-09     1.074479945743569877e-09     5.951821089011351100e-20     4.206579183192670459e-18     9.135118461640259375e-14     3.842340920978592075e-16     9.976590711674994382e-13     6.962622890487514449e-11     1.426007469372720076e-11     1.315394401403473561e-07     2.130774078483101358e-09     1.330578912377088403e-05     4.671644922657875021e-07     7.809677703537702538e-09     2.775646685894432199e-10     1.830368662354204966e-10     9.698391314189719089e-07     1.666007046848684964e-10
3.030303030303030387e-02     2.605855633030128956e+03     0.000000000000000000e+00     4.451733680658980785e-01     7.423628719870747350e-01     2.729294998866731679e-03     1.494249018694479081e-04     3.123820391640059167e-03     3.873556522325693119e-04     2.416782182920243494e-01     6.390284395197043041e-03     1.088306828813378915e-10     3.903760689648753568e-07     2.259658799941355449e-06     3.174046797540983587e-03     1.151953884125449996e-07     5.191952728802574097e-08     6.869277347554863772e-08     1.769474197232986001e-07     3.129496448978798575e-08     1.083545627871330484e-16     2.883999113024469131e-15     1.081566355493574512e-11     8.500355018327533046e-14     2.919069463938988691e-11     7.159703773112618235e-10     1.839592641323421179e-10     3.269342146143314667e-07     1.058058185519125860e-08     7.996437147273966423e-07     7.391074327367402918e-08     1.577735053673727731e-09     5.119417886195887163e-12     4.713512986468588862e-12     3.747886213779083652e-07     4.313850527928565650e-12
4.040404040404040747e-02     2.488704816563061740e+03     0.000000000000000000e+00     4.214098612239468022e-01     7.359251510981111855e-01     1.218028185823357909e-02     2.020101703411315256e-04     6.188863561153814836e-05     3.286692930235637401e-05     2.494665843600057387e-01     1.763631646122022952e-03     1.295072226172180648e-11     4.229393815880264502e-08     8.819730586435257421e-08     3.659183070298239440e-04     1.087217104424865526e-06     1.481894086670972638e-07     6.672672824188406724e-08     6.513634696702960963e-08     3.578401713772361998e-08     1.390863701216900588e-15     1.449748195233028436e-14     2.741962946210787727e-11     1.755186303683554065e-13     3.591618034734341651e-11     3.527785529128964667e-10     8.407626620341301687e-11     7.287153114701363074e-08     1.876570290985030365e-09     1.394387312936626326e-08     3.308424317574195503e-09     6.505836511322666564e-11     1.062313115436069461e-14     3.096587780065686573e-14     4.087153325186890996e-08     2.829498492285945711e-14
5.050505050505051108e-02     2.333413497327955611e+03     0.000000000000000000e+00     4.085191198283746883e-01     7.283142845869154947e-01     2.253756792126975980e-02     1.383285795545911476e-04     3.904496931569460714e-06     3.801181883117638638e-06     2.483912251869222765e-01     5.392896890847300112e-04     1.139848022383908134e-12     7.045687098186017114e-09     7.016581161003160370e-09     6.844941485630437396e-05     2.900215990942004794e-06     1.455840958718453372e-07     2.877100971606211187e-08     1.447627214172587607e-08     2.024108957129612253e-08     2.792367793656117127e-15     1.565613162834226280e-14     2.339813394474895896e-11     1.101277359669382941e-13     2.215499060790945359e-11     1.211169974757360586e-10     2.582617192227844563e-11     1.674632705708724616e-08     3.069663861481205394e-10     7.491619764733356792e-10     3.315619600596854600e-10     5.785233407331591688e-12     1.151096008412195105e-16     8.545216253080688526e-16     7.258286726532368997e-09     7.786485923800651361e-16
6.060606060606060774e-02     2.190201161974079696e+03     0.000000000000000000e+00     3.986435367466443780e-01     7.205886503939177290e-01     3.296579391824784599e-02     8.112410045989234902e-05     3.588691146906765404e-07     5.085322893780307050e-07     2.461667446905400902e-01     1.759142210781423346e-04     1.008155237240267984e-13     1.393444646943035482e-09     7.253472905245955736e-10     1.523277419806928124e-05     5.530844451783280211e-06     1.104149840978137050e-07     1.043953145784259687e-08     2.979458863178490986e-09     9.843843983544443016e-09     3.525384668146361913e-15     1.164502438096553503e-14     1.551966898833019860e-11     5.270381518508443242e-14     1.186860550040159263e-11     3.966289343600412667e-11     7.527159931073790101e-12     4.085803845423876876e-09     5.235942621208332414e-11     5.857071272094450925e-11     4.393154010020482180e-11     6.777654846624477542e-13     2.186856255904480270e-18     3.816926497630699037e-17     1.543001420498929149e-09     3.466513356101481685e-17
7.070707070707071829e-02     2.061070531333506096e+03     0.000000000000000000e+00     3.906513384374342146e-01     7.128427616795233179e-01     4.339160772789732445e-02     4.433550272794341637e-05     3.898901447858161941e-08     7.246154245800328462e-08     2.436493225280084718e-01     5.900201188468770069e-05     8.922280192274460590e-15     2.983579722075157146e-10     8.436142908888805088e-11     3.660712717169615619e-06     9.113312016268095269e-06     7.467805163840563716e-08     3.504338425530375628e-09     5.915668783168654145e-10     4.484660200344740095e-09     3.650341212170575086e-15     7.367060171040329462e-15     9.256194670979125363e-12     2.244169211993187243e-14     6.011412383353422242e-12     1.275884076905951704e-11     2.149852949487343364e-12     1.025641839874966391e-09     9.107612808352252474e-12     5.420006097826382825e-12     6.612212578226397407e-12     9.015228788017551626e-14     5.358393631374259903e-20     2.126964223136073775e-18     3.562408927657673896e-10     1.924543473967693736e-18
8.080808080808081495e-02     1.945069680518025280e+03     0.000000000000000000e+00     3.839997338371870517e-01     7.050917729867494099e-01     5.380678597103648320e-02     2.327327383229917072e-05     4.651504296135687671e-09     1.068724634750367144e-08     2.410432308157132719e-01     2.008892055786195850e-05     7.893295790963021732e-16     6.690929077160006795e-11     1.048929785357045334e-11     9.182639839613806622e-07     1.386338734726037884e-05     4.738729821973808966e-08     1.125625626124682138e-09     1.150231777808884053e-10     1.972380665669530877e-09     3.399622544231858275e-15     4.267443714582531555e-15     5.220883700970928669e-12     8.972860684565475200e-15     2.962908292497575011e-12     4.071648269184376787e-12     6.083095306297836643e-13     2.618983974196690696e-10     1.602852549021426190e-12     5.518505590985338998e-13     1.071002547915338893e-12     1.291033919209074568e-14     1.518832544153324861e-21     1.347516471356621384e-19     8.628416501720406934e-11     1.214363998497201213e-19
9.090909090909091161e-02     1.840768778083189773e+03     0.000000000000000000e+00     3.783518336377967861e-01     6.973386136388373124e-01     6.421368155293699642e-02     1.190799876808892908e-05     5.894976120356469070e-10     1.611923862897813018e-09     2.384085517128662901e-01     6.906645022832343831e-06     6.987148100481581238e-17     1.548182141266910388e-11     1.362774017121156929e-12     2.368354532744353844e-07     2.006918786409650593e-05     2.889119329409137031e-08     3.517093089377384786e-10     2.207991051536927716e-11     8.494233819468401004e-10     2.970100512520387509e-15     2.341938406900269916e-15     2.850024686684092033e-12     3.454544104851000320e-15     1.439738141301217444e-12     1.295257840739965727e-12     1.714382504306211686e-13     6.770087511959212238e-11     2.845845707995055118e-13     5.981675641647377084e-14     1.821483374379727237e-13     1.942923352361562221e-15     4.740936388340740311e-23     9.302079669692873130e-21     2.158433412255141769e-11     8.346770270154186399e-21
1.010101010101010222e-01     1.746709863777957935e+03     0.000000000000000000e+00     3.734844167496969569e-01     6.895837107297267954e-01     7.461535761362220187e-02     5.986702155792111419e-06     7.794676217540641933e-11     2.470209605729789909e-10     2.357643752134622461e-01     2.390944126931266171e-06     6.192129849649109157e-18     3.665363021721261811e-12     1.827001949124920162e-13     6.229653017579789738e-08     2.809853070408725454e-05     1.714192190405494738e-08     1.078568978049887026e-10     4.203079683319349334e-12     3.609058419418077547e-10     2.488766869111699412e-15     1.239903504889511996e-15     1.523921684608218380e-12     1.297811706640428333e-15     6.942539652163943480e-13     4.117093363503957956e-13     4.825071836804431712e-14     1.766722041625290688e-11     5.088951238811399059e-14     6.779330463725237432e-15     3.208942655282286253e-14     3.031812118828249645e-16     1.586245700874807480e-24     6.834398852435366522e-22     5.528492836943412083e-12     6.104483447024103488e-22
1.111111111111111188e-01     1.661555537718162896e+03     0.000000000000000000e+00     3.692435233981951059e-01     6.818268628298050915e-01     8.501390538980485578e-02     2.971233533976831445e-06     1.063322008321841243e-11     3.829797595757388141e-11     2.331169876707825661e-01     8.318242850912088512e-07     5.492497801299904110e-19     8.830712994133720679e-13     2.507270444042004924e-14     1.662520327867540484e-08     3.841421205220836826e-05     9.971969453191230623e-09     3.262675037498489457e-11     7.952078558355614859e-13     1.519157368673570055e-10     2.025944273315423391e-15     6.399409686382342112e-16     8.035058241845352108e-13     4.793420212659999194e-16     3.333527209970633895e-13     1.308854231708212612e-13     1.357657637013654559e-14     4.644532201795947504e-12     9.151545202046206041e-15     7.942940293373959860e-16     5.805516829352267390e-15     4.863123661598286510e-17     5.592133943283146547e-26     5.265077398360102829e-23     1.441764014361444560e-12     4.680119443698701068e-23
1.212121212121212155e-01     1.584136317426635514e+03     0.000000000000000000e+00     3.655186327818182312e-01     6.740676401382371674e-01     9.541050253962016225e-02     1.459888506702446553e-06     1.485011733913019266e-12     5.987930459603452376e-12     2.304685017099764865e-01     2.904086109793990553e-07     4.872412041454776048e-20     2.156435034782143315e-13     3.502081928456672081e-15     4.485001446603120536e-09     5.159503289886733585e-05     5.713804664207918579e-09     9.763955022172791870e-12     1.496853750954379799e-13     6.349920438417116873e-11     1.614813724943416411e-15     3.240388682354293766e-16     4.193874226352809864e-13     1.748221657714649973e-16     1.596653971073929283e-13     4.162423277960808938e-14     3.820141640153463707e-15     1.227853911518005448e-12     1.652626990132404135e-15     9.545011000603783814e-17     1.072054922913152525e-15     7.969218081794216626e-18     2.052413354373037933e-27     4.208768320095423694e-24     3.812818238625099420e-13     3.722286627514186476e-24
1.313131313131313260e-01     1.513452820469184189e+03     0.000000000000000000e+00     3.622272353120074562e-01     6.663054619217605445e-01     1.058057212766789906e-01     7.114008478875554067e-07     2.111291711038744869e-13     9.417442663751321742e-13     2.278196368517280135e-01     1.016200891402510781e-07     4.318291392495005751e-21     5.321343167605224526e-14     4.957277844880826936e-16     1.219704341006728782e-09     6.836244361697715779e-05     3.234314275349158612e-09     2.895678403989943976e-12     2.804236965472959722e-14     2.639204660306325425e-11     1.266726474505678083e-15     1.616311320638286920e-16     2.171981973402423865e-13     6.312709909405137392e-17     7.635328538928332411e-14     1.323970804711617488e-14     1.074730486752498405e-15     3.259276056024592341e-13     2.992750547092195167e-16     1.169613956110239285e-17     2.011499387453027631e-16     1.327961049030947325e-18     7.772416939714834488e-29     3.464096848810747482e-25     1.019361978544391416e-13     3.047559647294709252e-25
1.414141414141414366e-01     1.448659300708410910e+03     0.000000000000000000e+00     3.593055433530197851e-01     6.585395940632974288e-01     1.161997698940416684e-01     3.442166964605723388e-07     3.042793112048190210e-14     1.486811356365187706e-13     2.251706405080282636e-01     3.560512979479802512e-08     3.819514053507617719e-22     1.323777129140129731e-14     7.087623918656804138e-17     3.336699907683006594e-10     8.961355464387801004e-05     1.812259280441587479e-09     8.519237109460465978e-13     5.228679505620602874e-15     1.091578900117172730e-11     9.812959793158784494e-16     7.963368549443436326e-17     1.117735314048216581e-13     2.260582304881548613e-17     3.647008341783779118e-14     4.210543936489961885e-15     3.022023035164005260e-16     8.675639084596171914e-14     5.428030209006865739e-17     1.454952401296889843e-18     3.821487633941068404e-17     2.242104543816329414e-19     3.016310001376044369e-30     2.918323732039133856e-26     2.748506907962250413e-14     2.553372679638275098e-26
1.515151515151515194e-01     1.389041669425234659e+03     0.000000000000000000e+00     3.567028004037447464e-01     6.507691220868205839e-01     1.265926387340460535e-01     1.655095288696207876e-07     4.430737291803139193e-15     2.352491760745368648e-14     2.225215983446675039e-01     1.248124934786117593e-08     3.368222672136222268e-23     3.313537816818885856e-15     1.020834132909542073e-17     9.166896749020318977e-11     1.164617405545553634e-04     1.006580908792067503e-09     2.488070316411996619e-13     9.701808426602193908e-16     4.494833404947236873e-12     7.525108052812686787e-16     3.882585054260039891e-17     5.720871128010238315e-14     8.036554675201243766e-18     1.740234174983958037e-14     1.338301094036837984e-15     8.489769214892941559e-17     2.313200429014333169e-14     9.849678538408854547e-18     1.831009073114201025e-19     7.331006103418465099e-18     3.824602260994123719e-20     1.193149107166986908e-31     2.504767355239544873e-27     7.459686637918325589e-15     2.179139286663681572e-27
1.616161616161616299e-01     1.333995908215367990e+03     0.000000000000000000e+00     3.543776863427974821e-01     6.429929119603250420e-01     1.369841773670456841e-01     7.912970069216582872e-08     6.501929154986395581e-16     3.725396016722392666e-15     2.198725401667704915e-01     4.374538757683583606e-09     2.958790449558371898e-24     8.332776022380664684e-16     1.478081969878486275e-18     2.525763877701679548e-11     1.502864196279217566e-04     5.547663347255695434e-10     7.216488997191908429e-14     1.791092351293200687e-16     1.843183040631473523e-12     5.722232829613334089e-16     1.875745362755300836e-17     2.913973000697329758e-14     2.838372576056178552e-18     8.295653719008302380e-15     4.249686774035521129e-16     2.381874001022894361e-17     6.172514272463004997e-15     1.786546815811111200e-18     2.324767006180798258e-20     1.416988141139719788e-18     6.576326875155928875e-21     4.790323594353711246e-33     2.182167299284381139e-28     2.034850573799440296e-15     1.887420509167022680e-28
1.717171717171717404e-01     1.283009072927565057e+03     0.000000000000000000e+00     3.522959582251495858e-01     6.352095605056886640e-01     1.473741296937171874e-01     3.763322141919301682e-08     9.595972723137915291e-17     5.898301332314893565e-16     2.172234763835830251e-01     1.532172635336250311e-09     2.587232669056579220e-25     2.102682861332686536e-16     2.147860067546777165e-19     6.972178149582123568e-12     1.927939402237001344e-04     3.036253679393433926e-10     2.079341039092726370e-14     3.289361977076164765e-17     7.528266209242885688e-13     4.320214816909227064e-16     8.988349623359059161e-18     1.477689479824894190e-14     9.963881170098350926e-19     3.950438800738882399e-15     1.347704703144442542e-16     6.671261963360062720e-18     1.647113728096433449e-15     3.236621780670340237e-19     2.971454414206100711e-21     2.754742927270731151e-19     1.137748869698421716e-21     1.945401235302948675e-34     1.924011942721905595e-29     5.571776055512882955e-16     1.654192477493783521e-29
1.818181818181818232e-01     1.235643407396474686e+03     0.000000000000000000e+00     3.504288316672422021e-01     6.274173344699213173e-01     1.577621445142214085e-01     1.781021337833171321e-08     1.422055205006156138e-17     9.328798635602612371e-17     2.145744106367708515e-01     5.360490582902457721e-10     2.250685463884748369e-26     5.318790664154690942e-17     3.128234454589636237e-20     1.926563139859914396e-12     2.460918654575218771e-04     1.651172674336551230e-10     5.953426122503003682e-15     6.008578822355774874e-18     3.062978686031193491e-13     3.241477842388839797e-16     4.275254498359277704e-18     7.462358001370343295e-15     3.477751428378088307e-19     1.879136710814306997e-15     4.267128228246590043e-17     1.864780819067113843e-18     4.392725841732133886e-16     5.853147222094756317e-20     3.816823184858650245e-22     5.378940129947689608e-20     1.977548949459423440e-22     7.969692562594085726e-36     1.712718782041286883e-30     1.529915442899169043e-16     1.463542912158507572e-30
1.919191919191919338e-01     1.191523355939678822e+03     0.000000000000000000e+00     3.487518248992919623e-01     6.196140962377224559e-01     1.681477715292676589e-01     8.389930465367544576e-09     2.113341933561270265e-18     1.472936241267219973e-17     2.119253442020423983e-01     1.872767458961427895e-10     1.946986702777960317e-27     1.347598463542571801e-17     4.561623420744837210e-21     5.325336082571681103e-13     3.127793638312113692e-04     8.926539965638541214e-11     1.694103139849288009e-15     1.091582565397507456e-18     1.241522289842227843e-13     2.418765556126239328e-16     2.019638873510104944e-18     3.753638117736292965e-15     1.207244665909716067e-19     8.927975422849414115e-16     1.348563761141239826e-17     5.200770554016750754e-19     1.170261860521956147e-16     1.056082111130265044e-20     4.920083663056864108e-23     1.053709001588917542e-20     3.449066614345808010e-23     3.286319673796827317e-37     1.536314648416860774e-31     4.209212733332848423e-17     1.304647698144815605e-31
2.020202020202020443e-01     1.150325063683209009e+03     0.000000000000000000e+00     3.472438981834994887e-01     6.117972136972843478e-01     1.785304478969888808e-01     3.935047087774724130e-09     3.146392777410718051e-19     2.320530805386575609e-18     2.092762775264520314e-01     6.531948577410479507e-11     1.674361822479290222e-28     3.417758447446283580e-18     6.654374950673994778e-22     1.471748630388074199e-13     3.960568307140540137e-04     4.799384824854132244e-11     4.792145440346103859e-16     1.972189678001062005e-19     5.013743290703240443e-14     1.795991230611861913e-16     9.480303009671049132e-19     1.880966546621946640e-15     4.168837083068559959e-20     4.236385705993865522e-16     4.253223443204827368e-18     1.446917107860176203e-19     3.113200285601165386e-17     1.900460570600523526e-21     6.357690577273718347e-24     2.068993264691963056e-21     6.030429319640247501e-24     1.361617395083104691e-38     1.386467963376998739e-32     1.159607466821192504e-17     1.169979732333789437e-32
2.121212121212121271e-01     1.111767902088846540e+03     0.000000000000000000e+00     3.458867938501856143e-01     6.039634513287547302e-01     1.889094776920625940e-01     1.838007104809262255e-09     4.689326817641084175e-20     3.646573304663862855e-19     2.066272107666120572e-01     2.274108552967575739e-11     1.431200868760589318e-29     8.672458972088871914e-19     9.704880271886120817e-23     4.065110044998369083e-14     4.998583260887169526e-04     2.567157753207140443e-11     1.347802059703285505e-16     3.543708003780983366e-20     2.017458269038106799e-14     1.327613944694979260e-16     4.423677118706491773e-19     9.391201257796467542e-16     1.432335634724886926e-20     2.007518795922538118e-16     1.338496071861334882e-18     4.015124525173012647e-20     8.267724280360247582e-18     3.410072009004541845e-22     8.228258027375950831e-25     4.069134018683212897e-22     1.056171656763785872e-24     5.660874780274328139e-40     1.257281235594261411e-33     3.197240040774211005e-18     1.054210278606025087e-33
2.222222222222222376e-01     1.075607627893772133e+03     0.000000000000000000e+00     3.446645136824929567e-01     5.961088392622544418e-01     1.992840050844844890e-01     8.551690111432620304e-10     6.992228357203086876e-21     5.714593810927314250e-20     2.039781439722566092e-01     7.902243455025190918e-12     1.215912193554420736e-30     2.200929001418356474e-19     1.414404255521791624e-23     1.121869267889678945e-14     6.290108042477316136e-04     1.366541815630276679e-11     3.769870928289859052e-17     6.333227973873060683e-21     8.089598691262156727e-15     9.773688761192420639e-17     2.052645745545542842e-19     4.672279551710277804e-16     4.897474106410525033e-21     9.500136610975117183e-17     4.202772586838268966e-19     1.111235195220014048e-20     2.191496853601686141e-18     6.100277781121345423e-23     1.065901593300916955e-25     8.011504718987125986e-23     1.851853575684286270e-25     2.359106326015918836e-41     1.144527429671142345e-34     8.819119238819994943e-19     9.535144229635590556e-35
2.323232323232323482e-01     1.041630842303519103e+03     0.000000000000000000e+00     3.435628931106884942e-01     5.882285167212194521e-01     2.096529812798452741e-01     3.964330605671107663e-10     1.042708768731968428e-21     8.930089800999261055e-21     2.013290771777913601e-01     2.740645915122612991e-12     1.026837166704847984e-31     5.585068963837593203e-20     2.059379659569760619e-24     3.092929793335999671e-15     7.894244147222032439e-04     7.241501937361000234e-12     1.048926394928214558e-17     1.125968843763717662e-21     3.232853216545215097e-15     7.168050244661357590e-17     9.474596893787066009e-20     2.316664245815372237e-16     1.666830349622766673e-21     4.489567211468419053e-17     1.316651066277434880e-19     3.067381943084574610e-21     5.797404680735234804e-19     1.087935436869908682e-23     1.381442734693380524e-26     1.578443304480832393e-23     3.249258363888947184e-26     9.847696847932212948e-43     1.045153328361203012e-35     2.433006366582545265e-19     8.651195333196085322e-36
2.424242424242424310e-01     1.009650482459734008e+03     0.000000000000000000e+00     3.425692504628126134e-01     5.803165464462262113e-01     2.200151247292340684e-01     1.831535790399175782e-10     1.554770817088660518e-22     1.391630672325196925e-21     1.986800103746861335e-01     9.487329078426385254e-13     8.622117901867481812e-33     1.416961083779385758e-20     2.995232971135543833e-25     8.517836210079123411e-16     9.883182619274764186e-04     3.821211403503422543e-12     2.904140581881192853e-18     1.991951530250270619e-22     1.287817165967383094e-15     5.238643751507939030e-17     4.351795460032930369e-20     1.144961319645648938e-16     5.648211682633604739e-22     2.118842478921163198e-17     4.115749785490236131e-20     8.445440466477617690e-22     1.530624344658122263e-19     1.934466594666769866e-24     1.790791471651989977e-27     3.111336472453012948e-24     5.703719643779158449e-27     4.115889416487963033e-44     9.569479963299217536e-37     6.712143515209836679e-20     7.870040014601945397e-37
2.525252525252525415e-01     9.795267104078715192e+02     0.000000000000000000e+00     3.416634864753760881e-01     5.723658620174030265e-01     2.303689099774397786e-01     8.441394183946906824e-11     2.321571081063528857e-23     2.166465509139178440e-22     1.960309435648493748e-01     3.281440402157114098e-13     6.953279989208346409e-34     3.598069438614952724e-21     4.358706038958925094e-26     2.345821318410706668e-16     1.234284353555178395e-03     2.009644905395613821e-12     8.012816580705564179e-19     3.513052064239988945e-23     5.118694050891881028e-16     3.817157151812764033e-17     1.991015775057714546e-20     5.644805063907476126e-17     1.907901156937594233e-22     9.993331393432801732e-18     1.285123529354227108e-20     2.322218623161915212e-22     4.038001416433542835e-20     3.435039990596896536e-25     2.325593155348283732e-28     6.143143464587736738e-25     1.002971620492999458e-27     1.726562164472311908e-45     8.799604448100859432e-38     1.853552230941404625e-20     7.190379868752057957e-38
2.626262626262626521e-01     9.511696839496487428e+02     0.000000000000000000e+00     3.408145263440895412e-01     5.643683414705183976e-01     2.407125836425799414e-01     3.889289373771495187e-11     3.485624687215487847e-24     3.383861441969124086e-23     1.933818767647092762e-01     1.136805558115062453e-13     5.829088809862648269e-35     9.171238416272173754e-22     6.373016704438689487e-27     6.478856815389126654e-17     1.537198082130469779e-03     1.055233932057591604e-12     2.210361423881310109e-19     6.202855507688054219e-24     2.034565791438071849e-16     2.775668247175004633e-17     9.092281960446050919e-21     2.780912569023678100e-17     6.441564464074558363e-23     4.718043951049027587e-18     4.018932687878155877e-21     6.395774638001476492e-23     1.067650775430493066e-20     6.115563646901358494e-26     3.038547134935424528e-29     1.219034128578866456e-25     1.773126180834321204e-28     7.317808036430979658e-47     8.165574519046144827e-39     5.137378646456598257e-21     6.629639438004022560e-39
2.727272727272727626e-01     9.244255551636392738e+02     0.000000000000000000e+00     3.400197838040491249e-01     5.563138006044754391e-01     2.510439470428159070e-01     1.791346683853690099e-11     5.259444680067133673e-25     5.300998378399888781e-24     1.907328099601563465e-01     3.943945675678320540e-14     4.898267172254298501e-36     2.345692042344114343e-22     9.358124242301261359e-28     1.793935265169309365e-17     1.909442374046323989e-03     5.532337737283690592e-13     6.095628681055952852e-20     1.096263596082923382e-24     8.086218664149098165e-17     2.014310412372623541e-17     4.144508688253337867e-21     1.368894179893571095e-17     2.173577505752193376e-23     2.229344599213965226e-18     1.258497857159026210e-21     1.763957228601683228e-23     2.828374854341922495e-21     1.091279516864304968e-26     3.991980665634407489e-30     2.430026690431500638e-26     3.149782611171294185e-29     3.130805041005670399e-48     7.640203942890228594e-40     1.428581439047192391e-21     6.163592890071572306e-40
2.828282828282828731e-01     8.991617272884792555e+02     0.000000000000000000e+00     3.392758041043448247e-01     5.481900249522696500e-01     2.613603631913407610e-01     8.248784116288160320e-12     7.973978715641760805e-26     8.328566689375774809e-25     1.880837431554077399e-01     1.370234587104773334e-14     4.126110038497018014e-37     6.019165131998240873e-23     1.379825082776921421e-28     4.979409103529204731e-18     2.365868692429538324e-03     2.896392852359236711e-13     1.680747563151953747e-20     1.939491914385375099e-25     3.213615854293311951e-17     1.459003846613257187e-17     1.885955413730668650e-21     6.733000039485608617e-18     7.330525805628822471e-24     1.054225677534473315e-18     3.945983771620454081e-22     4.871631115796179769e-24     7.506928114390921677e-22     1.951699087420494158e-27     5.272227462438905053e-31     4.864972018905760212e-27     5.620899288258237805e-30     1.351550180098255900e-49     7.205059728416679231e-41     3.984917282314519939e-22     5.775670081862384899e-41
2.929292929292929282e-01     8.752668245686251112e+02     0.000000000000000000e+00     3.385771226773228171e-01     5.399825043990488238e-01     2.716586994758006801e-01     3.798844259902154906e-12     1.215209568461023841e-26     1.313044011908480963e-25     1.854346763505370088e-01     4.768847234825679765e-15     3.486962343064944488e-38     1.550031859846195323e-23     2.043803065271197952e-29     1.385914597532092334e-18     2.924119770658605705e-03     1.514727804110154533e-13     4.635898039850654848e-21     3.436935618481256351e-26     1.277460791598484270e-17     1.054952536126798441e-17     8.570382603818252908e-22     3.309835785253400158e-18     2.471935631693931276e-24     4.990062451880374890e-19     1.239234691334792199e-22     1.347741082691142407e-24     1.996870963356077768e-22     3.500056659213502976e-28     7.002310868973417441e-32     9.784463291555761282e-28     1.007940596795539695e-30     5.890440585015505114e-51     6.850373839438656830e-42     1.115253239250539816e-22     5.456636994523305657e-42
3.030303030303030387e-01     8.526463589377054859e+02     0.000000000000000000e+00     3.379168579788202065e-01     5.316741357380485589e-01     2.819352634526406387e-01     1.750678958951569832e-12     1.863188228260523136e-27     2.079378553814436171e-26     1.827856095455904495e-01     1.663588985544947544e-15     2.960776012766364748e-39     4.008305831539610949e-24     3.044026260092137240e-30     3.870411014390694773e-19     3.604991261888931212e-03     7.916845971364085800e-14     1.280208349467073289e-21     6.107020244030844773e-27     5.082070375396651166e-18     7.616615722693351343e-18     3.891502064779798281e-22     1.626845926599807066e-18     8.340075536534403167e-25     2.365130413228880992e-19     3.900452644449827690e-23     3.737556680565059055e-25     5.327202307399880053e-23     6.299872845707411041e-29     9.361069383392737742e-33     1.978249293155004467e-28     1.817560288512183388e-31     2.595436576442843672e-52     6.572658561560641866e-43     3.133308044062281218e-23     5.202468621135442767e-43
3.131313131313131493e-01     8.312195295693883281e+02     0.000000000000000000e+00     3.372871088825081243e-01     5.232449445982559899e-01     2.921857428075126384e-01     8.079457057886047237e-13     2.877971110571563508e-28     3.312722422698108118e-27     1.801365427468956948e-01     5.821935848911478893e-16     2.531219482581531038e-40     1.041887804731228553e-24     4.565362820582078760e-31     1.085554377932707758e-19     4.432769846485907876e-03     4.137991839518970763e-14     3.543634388990991531e-22     1.089716941032647145e-27     2.024897962667561452e-18     5.492603747421559263e-18     1.766849431500511429e-22     7.999906379513460985e-19     2.817966016284474797e-25     1.123104434008166058e-19     1.231488540291970304e-23     1.040061849001348260e-25     1.426760003672486321e-23     1.139665372860312721e-29     1.261420720422538571e-33     4.025170660581072426e-29     3.299693421207960110e-32     1.158691147213395886e-53     6.373503415694191004e-44     8.844595953483907223e-24     5.013235835402515288e-44
3.232323232323232598e-01     8.109168043049469361e+02     0.000000000000000000e+00     3.366792206694783629e-01     5.146718577496410818e-01     3.024051562364672985e-01     3.737543704125037291e-13     4.486727169251312982e-29     5.319585828106192447e-28     1.774874759357683296e-01     2.046260552505750641e-16     2.184693165232714773e-41     2.725736547728692021e-25     6.907804650932513244e-32     3.061692708403602946e-20     5.435510077727762762e-03     2.164662466164364834e-14     9.846356783303503048e-23     1.956383307283488193e-28     8.088257457243576470e-19     3.957698576951218966e-18     8.028585318329116629e-23     3.938647651632159899e-19     9.546493196222917868e-26     5.347047408311076397e-20     3.904870805216065121e-24     2.907976702620930680e-26     3.841320737106283029e-24     2.075778459217452836e-30     1.716580795696077815e-34     8.254309299379123318e-30     6.040459617079201592e-33     5.256390299746745891e-55     6.259290831907033090e-45     2.511274319145793283e-24     4.892755135770523210e-45
3.333333333333333703e-01     7.916780268577115294e+02     0.000000000000000000e+00     3.360839724926754646e-01     5.059285671469866408e-01     3.125878240206582115e-01     1.735018122575772166e-13     7.075571664429257504e-30     8.630573363586297994e-29     1.748384091306222909e-01     7.232925475670884536e-17     1.909868806640589914e-42     7.188612192890014653e-26     1.056941810023342636e-32     8.696657495657779530e-21     6.645199701547944808e-03     1.134380092544735364e-14     2.751204962208082006e-23     3.542008674630805973e-29     3.242664447596530018e-19     2.850637864452427291e-18     3.655103672920314183e-23     1.943228770134950952e-19     3.247180053552215539e-26     2.554581365761962106e-20     1.245265610581417116e-24     8.182329813406481416e-27     1.041337874117671619e-24     3.814862123960670864e-31     2.364578281260816897e-35     1.709064315834090456e-30     1.117184943216941975e-33     2.431886638156827336e-56     6.241781991593815556e-46     7.182358130476537687e-25     4.848930101499141405e-46
3.434343434343434809e-01     7.734508691957357769e+02     0.000000000000000000e+00     3.354917216004957847e-01     4.969855372534848770e-01     3.227273696783713453e-01     8.092719678105957771e-14     1.131705427770833537e-30     1.418642630729883161e-29     1.721893423256066757e-01     2.575211747768652716e-17     1.697536650956455142e-43     1.914809977387681694e-26     1.639817538160403437e-33     2.492333823662439957e-21     8.097750742450050138e-03     5.961537844027257026e-15     7.745916208757741882e-24     6.484283749647861274e-30     1.306566624042578638e-19     2.053464932415254486e-18     1.669222361572050499e-23     9.617635333849649598e-20     1.110792560618088336e-26     1.225989005137030664e-20     4.000552915887584264e-25     2.321286063376468515e-27     2.847799884091647896e-25     7.091947499241599465e-32     3.306201661364314231e-36     3.580563151736682622e-31     2.092394148021590222e-34     1.152383584322046295e-57     6.339726305771218356e-47     2.072645044560134567e-25     4.894873765501568387e-47
3.535353535353535914e-01     7.561894941386965456e+02     0.000000000000000000e+00     3.348925387059970560e-01     4.878102142155921750e-01     3.328167650770679220e-01     3.798267674848364401e-14     1.841448570738640927e-31     2.369966718235951491e-30     1.695402755333725309e-01     9.252004537655053380e-18     1.540652442263846234e-44     5.162538523608677374e-27     2.587771703887016013e-34     7.221268946955043541e-22     9.832745173926488169e-03     3.145627718744294578e-15     2.202508678414222960e-24     1.203932941631329605e-30     5.299147370021644418e-20     1.480171293848954176e-18     7.657355343041516692e-24     4.780690473240314326e-20     3.828457112572252083e-27     5.917320615656764830e-21     1.297185575972729998e-25     6.653741592286449420e-28     7.873572312153583395e-26     1.337464463334454347e-32     4.707210278754725632e-37     7.609011016012230474e-32     3.979013189335935755e-35     5.620537442508678474e-59     6.581896665682300521e-48     6.046437206854947919e-26     5.051088635301582948e-48
3.636363636363636465e-01     7.398533346458748383e+02     0.000000000000000000e+00     3.342763555053218649e-01     4.783674962232438710e-01     3.428484320567492527e-01     1.796658576208833955e-14     3.058421743322330141e-32     4.037884308990109177e-31     1.668912087172668424e-01     3.360788645194852489e-18     1.434559352506956751e-45     1.412204429771013056e-27     4.168119270702491617e-35     2.120113365400594796e-22     1.189286300272034483e-02     1.668674162429876967e-15     6.340844644770691411e-25     2.274642247880762875e-31     2.166971018327922932e-20     1.068240838946400488e-18     3.533828732287440799e-24     2.389743442810683836e-20     1.332165427064477695e-27     2.876069668820155842e-21     4.254173938889861418e-26     1.931541030819204943e-28     2.206049045868783569e-26     2.566839893758442084e-33     6.848237136313226050e-38     1.644657198621770776e-32     7.705452824099264860e-36     2.836926866356939993e-60     7.012352546881331725e-49     1.786950769198055826e-26     5.349274537305916405e-49
3.737373737373737570e-01     7.244059184158729749e+02     0.000000000000000000e+00     3.336331503233722628e-01     4.686205129677066261e-01     3.528144105720721346e-01     8.579669701310560748e-15     5.203755276307624275e-33     7.042497561484488030e-32     1.642421419184250664e-01     1.236947100567737708e-18     1.377432606650955828e-46     3.929604434895781412e-28     6.877816975503929440e-36     6.322687449712423638e-23     1.432293454178659026e-02     8.911573110796710862e-16     1.853221280991699875e-25     4.388746293894604679e-32     8.950585463150400619e-21     7.723724744685810992e-19     1.643272732529778474e-24     1.202955419171201850e-20     4.690049083385873114e-28     1.409663694145670127e-21     1.414274568681736497e-26     5.692889494999668221e-29     6.279911361230405001e-27     5.030207274054287278e-34     1.021915820483903840e-38     3.626366456871429941e-33     1.524367109041795053e-36     1.490576095728443866e-61     7.699426213959722624e-50     5.362355593004541983e-27     5.838835967317476287e-50
3.838383838383838675e-01     7.098137105603384498e+02     0.000000000000000000e+00     3.329531750386176547e-01     4.585317375257507155e-01     3.627065988724113010e-01     4.143492331197094235e-15     9.104567263797667661e-34     1.262263995067339880e-32     1.615930751055771886e-01     4.623039040934880999e-19     1.371087382001336900e-47     1.115291543912121313e-28     1.167192100912701105e-36     1.920197609308365877e-23     1.716858849625627764e-02     4.798241056079495853e-16     5.514057339080461197e-26     8.679498321506749484e-33     3.741191660160250599e-21     5.598359762094484145e-19     7.712454315465387055e-25     6.106718905221037268e-21     1.674405405648111596e-28     6.977587321006353923e-22     4.777203092448789724e-27     1.708004332163620458e-29     1.821164258956785741e-27     1.010129679174023064e-34     1.570313320903269442e-39     8.181886417003477779e-34     3.090936134554959970e-37     8.202701546489267948e-63     8.751245935664384010e-51     1.637805724250697498e-27     6.598110177208920442e-51
3.939393939393939781e-01     6.960449714836664725e+02     0.000000000000000000e+00     3.322272310932954942e-01     4.480644116808027988e-01     3.725170611382414010e-01     2.027335870511401050e-15     1.644307115381304420e-34     2.334157596890515108e-33     1.589440083235109102e-01     1.758496391018340259e-19     1.422427433519766736e-48     3.237426557785784202e-29     2.045114491519482313e-37     5.953951144509578059e-24     2.047451885744254463e-02     2.608461232328222938e-16     1.674947549203441380e-26     1.766032587930335423e-33     1.585409332030678116e-21     4.070487332868563697e-19     3.659475835535875254e-25     3.130775475131461277e-21     6.075657553154134312e-29     3.493054528744169510e-22     1.643462847801370255e-27     5.230205629246682051e-30     5.394787548974425123e-28     2.086023340046237305e-35     2.494722090141995903e-40     1.894826048982622286e-34     6.445463531786831393e-38     4.757109367446127925e-64     1.034314095179939665e-51     5.103560325397388668e-28     7.754151907094828533e-52
4.040404040404040886e-01     6.830686621824132772e+02     0.000000000000000000e+00     3.314469799622719592e-01     4.371842126241835547e-01     3.822383873742303817e-01     1.006695770714553700e-15     3.076791834960082145e-35     4.470166820025410108e-34     1.562949414957407746e-01     6.822379321008023593e-20     1.546062872216461948e-49     9.636803951721947523e-30     3.713899257893496781e-38     1.889550015077676219e-24     2.428245850584417193e-02     1.433743111546696980e-16     5.208373838476189037e-27     3.710456209471210611e-34     6.823865971266396089e-22     2.970620137102878022e-19     1.758282248357276802e-25     1.623249725034058604e-21     2.245583036625331370e-29     1.771054997583860610e-22     5.771460359102665784e-28     1.638828532685947972e-30     1.636688126281487071e-28     4.445410865712467207e-36     4.113389525170895417e-41     4.517793317216586430e-35     1.386731994940609234e-38     2.924950758025227503e-65     1.276733804671490083e-52     1.626269555190919712e-28     9.518533793857860083e-53
4.141414141414141992e-01     6.708534547655524420e+02     0.000000000000000000e+00     3.306052658530021504e-01     4.258610323239335749e-01     3.918640774718408215e-01     5.081369912384792376e-16     5.985435677580310263e-36     8.897482807923471025e-35     1.536458746905433881e-01     2.705108679554983688e-20     1.769112428501422705e-50     2.948846699010679525e-30     7.014744176001174642e-39     6.151776489426157297e-25     2.862901551368157022e-02     7.978241985776465125e-17     1.662153582348508516e-27     8.076778994757355178e-35     2.988122903830376577e-22     2.177221532871454472e-19     8.567354113874737848e-26     8.522423362929673421e-22     8.471258137138102034e-30     9.106537876436254121e-23     2.073333377548978412e-28     5.266967481542372333e-31     5.097701136787535202e-29     9.807142718894310275e-37     7.064280481790077380e-42     1.112064818189548878e-35     3.087504196346362950e-39     1.917300769393869715e-66     1.652575080071761708e-53     5.310575364078387907e-29     1.225403657485014655e-53
4.242424242424242542e-01     6.593669183827095139e+02     0.000000000000000000e+00     3.296964176757052334e-01     4.140706982922440771e-01     4.013889127907613319e-01     2.610866342927265733e-16     1.214157745394220546e-36     1.846303685942007147e-35     1.509968078855588591e-01     1.098124771910739388e-20     2.140194091067365449e-51     9.295764113093358901e-31     1.382290907328430760e-39     2.058707165284436792e-25     3.354358103143549596e-02     4.499705691151991887e-17     5.455889824886362015e-28     1.826851913272103736e-35     1.333114088439089905e-22     1.603305228276008765e-19     4.238887234857712486e-26     4.535900466369976263e-22     3.267478183345637871e-30     4.754014318841257140e-23     7.633222412260921010e-29     1.739777811079336099e-31     1.633475857868795193e-29     2.246044686315180722e-37     1.267564284431843174e-42     2.832856962129939552e-36     7.132282662869561048e-40     1.346318696244919009e-67     2.250857784658398303e-54     1.780374648018761781e-29     1.660270546888479669e-54
4.343434343434343647e-01     6.485749457728924199e+02     0.000000000000000000e+00     3.287164952765993520e-01     4.017964478632404246e-01     4.108092744040753863e-01     1.367119242872665440e-16     2.574411135710456476e-37     4.004187036714361644e-36     1.483477410822849341e-01     4.570379840714386487e-21     2.746677846662513615e-52     3.023956044079520905e-31     2.848833913184625944e-40     7.092939385284961230e-26     3.904653665039896360e-02     2.574529165618569082e-17     1.845252912169687133e-28     4.303738039805645945e-36     6.066343138403603528e-23     1.186705878277811896e-19     2.131804755878408537e-26     2.449416785995891273e-22     1.290417799432534520e-30     2.521984897765016725e-23     2.884288783999130428e-29     5.916261844286852544e-32     5.393986482153482400e-30     5.351879859743622913e-38     2.382180893038542010e-43     7.482344597096434995e-37     1.712981596990529746e-40     1.016613149953243014e-68     3.234891881388367619e-55     6.136482683754632699e-30     2.373948125575555248e-55
4.444444444444444753e-01     6.384414670421605251e+02     0.000000000000000000e+00     3.276634465703264776e-01     3.890299927514300760e-01     4.201233729308050946e-01     7.301380696620672430e-17     5.715264500735425661e-38     9.092238690309253873e-37     1.456986742957198377e-01     1.952198531593514464e-21     3.748731461258616568e-53     1.016356017624450590e-31     6.151390237051049823e-41     2.518655554098794501e-26     4.514796002204479741e-02     1.495299543747648585e-17     6.438546275094575131e-29     1.057766060283460903e-36     2.817791637925307886e-23     8.830406555584648614e-20     1.090531780960906820e-26     1.342808054978138988e-22     5.222999636796938010e-31     1.360394759575129263e-23     1.119707621711307234e-29     2.073577762129092345e-32     1.837694119318657254e-30     1.328874191050026967e-38     4.697002213310112473e-44     2.051809944150171054e-37     4.283493700368179517e-41     8.276888062232592875e-70     4.914934926518250180e-56     2.176584691149922371e-30     3.589053239789815560e-56
4.545454545454545858e-01     6.289284523336550592e+02     0.000000000000000000e+00     3.265371590596167217e-01     3.757720656010191118e-01     4.293313665648940680e-01     3.979115428800846566e-17     1.329656632674830712e-38     2.163694175260517026e-37     1.430496074705059628e-01     8.562621828715755579e-22     5.448534908768599014e-54     3.531616125739059927e-32     1.392919957746622924e-41     9.222736143325753036e-27     5.184696036358105165e-02     8.819141493152638129e-18     2.319304424316813906e-29     2.714731619649836956e-37     1.336498877229616058e-23     6.606353581202182408e-20     5.676430949444327640e-27     7.475390663072707120e-23     2.167664367483059956e-31     7.463743670870631810e-24     4.468210608260010814e-30     7.495010879935254584e-33     6.463453060209231501e-31     3.441181239424492227e-39     9.724802687239032516e-45     5.845245428298975349e-38     1.116023858735174163e-41     7.275605144715427288e-71     7.901787924542491191e-57     7.948020864016132622e-31     5.742609326522533073e-57
4.646464646464646964e-01     6.199961756060968128e+02     0.000000000000000000e+00     3.253394000404256081e-01     3.620324245373870431e-01     4.384353619848512795e-01     2.213087725452183601e-17     3.242060202218158620e-39     5.397012711285258308e-38     1.404005406655519650e-01     3.856879014261438416e-22     8.435382643133202443e-55     1.268765468116488332e-32     3.308042807677948122e-42     3.482510799353290884e-27     5.913167281220949034e-02     5.282128619383338748e-18     8.625872952056536068e-30     7.276212210533907665e-38     6.472596915131711651e-24     4.968794786971121311e-20     3.006411088835189547e-27     4.225678173768781881e-23     9.224425522111899678e-32     4.164896840113021177e-24     1.832864725964539543e-30     2.793922448233280295e-33     2.346878499346962727e-31     9.293964456270794255e-40     2.114210469052493257e-45     1.729878942344656675e-38     3.029467329140603017e-42     6.904979860363547318e-72     1.344165113510174721e-57     2.987515838048958498e-31     9.723649435170989510e-58
4.747474747474748069e-01     6.116036710435193982e+02     0.000000000000000000e+00     3.240736599832401144e-01     3.478293716176010242e-01     4.474393104634419860e-01     1.255837894035921780e-17     8.278793326401184892e-40     1.410118865195550902e-38     1.377514738694408380e-01     1.783391983886223850e-22     1.389934675018143659e-55     4.710246593097949884e-33     8.233762629944348413e-43     1.355252804550665738e-27     6.697984404951627668e-02     3.211889618176890974e-18     3.310599185611057757e-30     2.035329504027224027e-38     3.199119461871960736e-24     3.756163841298872568e-20     1.619525491875384204e-27     2.424565396392333093e-23     4.022907236691064928e-32     2.362946375365911691e-24     7.724674329669284607e-31     1.073528552908278760e-33     8.792399381091855860e-32     2.616141271871956342e-40     4.822195024396961680e-46     5.314524350209819585e-39     8.561487860245629321e-43     7.065996090188686536e-73     2.416826385427468562e-58     1.155140292217766367e-31     1.740542551984309479e-58
4.848484848484848619e-01     6.037092986307667388e+02     0.000000000000000000e+00     3.227449248266374693e-01     3.331889052716507926e-01     4.563488248669115288e-01     7.266729657312056600e-18     2.210752000897896234e-40     3.853785255445803963e-39     1.351024070554759926e-01     8.458390914179562476e-23     2.432988723637750971e-56     1.805107471333432157e-33     2.144704594557953901e-43     5.429661588178666742e-28     7.535986280596179698e-02     1.981714104321271175e-18     1.309824464576414061e-30     5.933472653257302229e-39     1.612298854674270632e-24     2.852804244513380315e-20     8.866926747724705494e-28     1.411057183072649042e-23     1.796262937833670146e-32     1.362135286417546016e-24     3.341663204252125770e-31     4.247257859916801776e-34     3.394977550328711415e-32     7.664430292454081476e-41     1.151981695084942362e-46     1.692637443543404111e-39     2.515366298876007263e-43     7.776670777930674224e-74     4.584105692530449696e-59     4.588996277318272029e-32     3.287182120520485760e-59
4.949494949494949725e-01     5.962713333811204848e+02     0.000000000000000000e+00     3.213594092129937185e-01     3.181436603540697683e-01     4.651709507891183537e-01     4.283841004190047308e-18     6.160482187959388114e-41     1.099364714599024603e-39     1.324533402506228030e-01     4.109994413996998186e-23     4.511676783764055026e-57     7.130106581404902953e-34     5.833694482138303684e-44     2.236033573436122932e-28     8.423204860618899170e-02     1.239643982662881127e-18     5.334002763201568935e-31     1.799031865006580934e-39     8.275422207712599005e-25     2.175708294578140016e-20     4.928853357459322169e-28     8.321546087591067333e-24     8.200137642815665573e-33     7.970749098079963055e-25     1.481743157390677069e-31     1.727558720800732648e-34     1.348934041165650634e-32     2.332251372482580555e-41     2.875515753716303422e-47     5.578080233240653493e-40     7.667219775809295506e-44     9.171443709755596230e-75     9.146983182383465381e-60     1.870016292656564538e-32     6.531924461442082473e-60
5.050505050505050830e-01     5.892485054446513004e+02     0.000000000000000000e+00     3.199242825079603447e-01     3.027317915210860910e-01     4.739139255213398183e-01     2.569945043002883790e-18     1.786563302851540981e-41     3.264830731450566780e-40     1.298042734454550873e-01     2.042897989364583367e-23     8.831688412551806259e-58     2.897220946630851608e-34     1.652490269505387782e-44     9.446935496542221307e-29     9.355000951211905891e-02     7.853730062943874766e-19     2.231369613451288172e-31     5.658350215016262032e-40     4.319101985262970302e-25     1.665098206373440990e-20     2.777951630885447624e-28     4.966813109138398658e-24     3.820530685997503434e-33     4.729137931153545046e-25     6.722720585189358183e-32     7.210095201005435579e-35     5.504243396173190737e-33     7.352394239003723042e-42     7.477428436995412591e-48     1.897514918367756619e-40     2.418504527595349436e-44     1.153740268205473477e-75     1.913410651769924143e-60     7.800627655090373016e-33     1.360898393580134295e-60
5.151515151515152491e-01     5.826004391963732587e+02     0.000000000000000000e+00     3.184474145060691153e-01     2.869959342578956019e-01     4.825869537258187791e-01     1.566838994281872436e-18     5.374913295043782243e-42     1.006180858319544942e-40     1.271552066404596504e-01     1.036868607301320216e-23     1.817304092790340029e-58     1.208287878277908458e-34     4.859069229720194689e-45     4.085225803403236106e-29     1.032619053758260241e-01     5.033143347589584386e-19     9.566514040305664459e-32     1.840428478286616489e-40     2.288045343480543375e-25     1.277746715670547340e-20     1.584964679723277383e-28     2.995949290069270925e-24     1.812868765659792713e-33     2.840993057621935734e-25     3.114409902794959288e-32     3.080603239823255342e-35     2.301074954207949055e-33     2.393977874673615244e-42     2.018484011149328430e-48     6.644216102697240838e-41     7.870865998459726706e-45     1.539787399997488146e-76     4.179085629638065672e-61     3.323006358799588193e-33     2.960795396905719362e-61
5.252525252525253041e-01     5.762879615221683025e+02     0.000000000000000000e+00     3.169371601816423634e-01     2.709823445410982634e-01     4.912000216967369326e-01     9.693293544134263134e-19     1.671563465682032086e-42     3.206606850317107823e-41     1.245061398418803866e-01     5.362813340091640754e-24     3.912217808729121593e-59     5.158814770548155149e-35     1.477782260764010678e-45     1.803570365481429890e-29     1.133114939202842369e-01     3.258168728452319038e-19     4.192285570326316419e-32     6.168898286845776492e-41     1.227742436785734690e-25     9.822441224069398247e-21     9.137857370241440683e-29     1.823288744668117816e-24     8.740063502147671547e-34     1.725390163157885894e-25     1.469754227240542213e-32     1.343972474716720903e-35     9.829493241770930703e-34     8.023420837993069026e-43     5.633968600815500655e-49     2.387190081391065859e-41     2.633879823238938911e-45     2.167016133752190834e-77     9.486743988706347716e-62     1.441718795561822243e-33     6.695823475029993177e-62
5.353535353535353591e-01     5.702732686075976289e+02     0.000000000000000000e+00     3.154021952572220178e-01     2.547402833646350562e-01     4.997637645023645936e-01     6.074859208560126678e-19     5.352765146712510417e-43     1.052644043468245811e-41     1.218570730304380650e-01     2.820269423427818136e-24     8.765260558972157763e-60     2.248560101720757907e-35     4.630074885250077743e-46     8.106107728881158458e-30     1.236388791025622574e-01     2.127154047535758788e-19     1.872394325206581519e-32     2.122688802100304763e-41     6.657777214537543820e-26     7.556442814549585297e-21     5.312812659051601961e-29     1.117485823198102882e-24     4.269951460623452488e-34     1.057518750136066900e-25     7.047413380716446195e-33     5.969884523194516229e-36     4.277848185794117281e-34     2.757473576319653677e-43     1.618959338268336594e-49     8.770226316620309196e-42     9.029385783190124590e-46     3.194718311907895392e-78     2.227162910182852574e-62     6.351722931301199320e-34     1.566184065311355651e-62
5.454545454545455252e-01     5.645199538713529819e+02     0.000000000000000000e+00     3.138514081120217236e-01     2.383216838071942345e-01     5.082893940684345413e-01     3.849758246481831437e-19     1.757590129316567458e-43     3.544604994542134410e-42     1.192080062285481995e-01     1.504463669855931800e-24     2.032423013679912579e-60     9.975350551592061494e-36     1.488106596357932912e-46     3.697643218010367771e-30     1.341809158958231218e-01     1.398213193526495197e-19     8.496136175306991973e-33     7.467062255132479968e-42     3.639543157154770079e-26     5.810854089678377854e-21     3.108136943582332038e-29     6.883624337414264011e-25     2.107856510497885867e-34     6.529241696214405887e-26     3.423857199743502348e-33     2.691667708448533722e-36     1.890758890196983870e-34     9.678503120720751951e-44     4.767159606785210710e-50     3.282409499856906714e-42     3.158447931342605064e-46     4.898618882815159410e-79     5.378449186459644724e-63     2.832489974016797527e-34     3.768686648920249187e-63
5.555555555555555802e-01     5.589929067903167379e+02     0.000000000000000000e+00     3.122938491966594232e-01     2.217811194328721813e-01     5.167886924040290264e-01     2.462203963944563104e-19     5.891189564379326619e-44     1.218901745217341318e-42     1.165589394204194357e-01     8.120102695324639341e-25     4.848061202116358056e-61     4.489828048195778103e-36     4.883995530286804746e-47     1.706257654273056305e-30     1.448712487426791207e-01     9.236180790063102375e-20     3.903443719415478891e-33     2.673380159588782468e-42     2.000240859438316977e-26     4.460991543253605585e-21     1.825253957884885711e-29     4.252284517009388625e-25     1.048121925323759248e-34     4.052630013535911829e-26     1.680333553003443693e-33     1.227766265345013479e-36     8.458321185246182664e-35     3.454258431739231794e-44     1.431242984524062028e-50     1.246507876258572282e-42     1.122492878064260569e-46     7.753124001692089829e-80     1.328447772007922030e-63     1.274102124356411567e-34     9.275795693854366695e-64
5.656565656565657463e-01     5.536580944697336690e+02     0.000000000000000000e+00     3.107387371797618036e-01     2.051760843056505412e-01     5.252740720086981341e-01     1.586037083596504239e-19     2.006195415058268977e-44     4.260134263574893777e-43     1.139098726222960156e-01     4.422361519571543092e-25     1.182099643079550712e-61     2.043286250165074006e-36     1.628966250174237711e-47     7.936707751740974782e-31     1.556399710633554201e-01     6.119045313289746810e-20     1.809216744050189114e-33     9.694870447191941217e-43     1.101929430621113164e-26     3.414054924837273758e-21     1.073119986338013810e-29     2.627895343203564765e-25     5.231920680931093907e-35     2.523283260677454009e-26     8.303554649151362555e-34     5.645471913137598802e-37     3.815760245492671200e-35     1.247728238134161767e-44     4.357864487832816831e-51     4.782516561049886798e-43     4.034572148513548388e-47     1.256351804922130605e-80     3.335471619388714536e-64     5.759310429108436484e-35     2.320931353955451714e-64
5.757575757575758013e-01     5.484822358459864517e+02     0.000000000000000000e+00     3.091955205287238440e-01     1.885675951704599285e-01     5.337587059314073956e-01     1.026700599030684005e-19     6.906006541317323783e-45     1.505666309256505590e-43     1.112608058104763709e-01     2.423276299264152211e-25     2.926215188112195597e-62     9.367975064950357797e-37     5.492892852627004683e-48     3.707325389950189710e-31     1.664128930876561663e-01     4.056915761116937974e-20     8.426278787264880265e-34     3.542872752439133322e-43     6.065375647786326468e-27     2.600507776022047045e-21     6.298177394101753038e-30     1.620384427024336540e-25     2.612031525152605159e-35     1.572256198117843850e-26     4.117203077265658059e-34     2.606770986194888350e-37     1.729069997970709159e-35     4.538537044268504505e-45     1.337961231888300226e-51     1.845328111352698526e-43     1.459396697610685598e-47     2.066292380704372587e-81     8.457530050588360038e-65     2.605528593706188159e-35     5.864947794957438764e-65
5.858585858585858563e-01     5.434323747144882191e+02     0.000000000000000000e+00     3.076739944705979557e-01     1.720211337450292532e-01     5.422567311384042243e-01     6.663178949621129126e-20     2.389968498074330487e-45     5.351917339612922534e-44     1.086117390053861070e-01     1.331840031450758338e-25     7.300023733023887894e-63     4.309980757619497517e-37     1.862189943711093496e-48     1.731834560137787495e-31     1.771103961111802905e-01     2.685235447369208376e-20     3.926581456852247944e-34     1.297380276227906597e-43     3.323849776691620329e-27     1.967885901855870948e-21     3.678096910735450075e-30     9.939516867802517311e-26     1.298931474117250587e-35     9.778727938446048903e-27     2.040574985244185811e-34     1.203650694101985807e-37     7.836295124118823759e-36     1.653346106057722681e-45     4.116358537134411483e-52     7.124737832874984809e-44     5.284257431369326548e-48     3.416815328654018639e-82     2.150371333214858913e-65     1.174449288755620206e-35     1.486136906917342054e-65
5.959595959595960224e-01     5.384753516943366094e+02     0.000000000000000000e+00     3.061844756821482383e-01     1.556079547298633570e-01     5.507835309573819726e-01     4.324101889733230145e-20     8.265718298300767805e-46     1.901827799896958002e-44     1.059626722022417866e-01     7.316805185618184572e-26     1.820587536280820521e-63     1.981338084062053184e-37     6.308714754035568862e-49     8.053643646964511347e-32     1.876458421105128838e-01     1.769602552229417398e-20     1.822059875664172841e-34     4.731472172099876875e-44     1.806198128766429641e-27     1.476327729269844660e-21     2.129602398555582421e-30     6.045041817672483795e-26     6.404694373796259936e-36     6.053285757402583570e-27     1.006659935205280095e-34     5.531973372815398009e-38     3.535203902868666447e-36     5.995763664649317847e-46     1.260390122615892046e-52     2.737445142789175217e-44     1.904006529736935331e-48     5.622250961304409862e-83     5.439714493103199034e-66     5.248315640295988715e-36     3.746680818542508562e-66
6.060606060606060774e-01     5.335771763295657593e+02     0.000000000000000000e+00     3.047380364637350958e-01     1.394068024581957554e-01     5.593561056678115762e-01     2.797905238209223067e-20     2.838089907497621335e-46     6.711804966713235512e-45     1.033136053957341982e-01     4.002865925249815892e-26     4.498743691897237176e-64     9.058081535013268698e-38     2.121425066728939983e-49     3.709336657038705784e-32     1.979234864782585535e-01     1.157595113173987899e-20     8.374645906409858365e-35     1.706656479206109186e-44     9.688433166832945093e-28     1.095330041250344012e-21     1.217434502105220489e-30     3.631309907804900132e-26     3.115041506366080587e-36     3.717391730000278259e-27     4.919698967706026724e-35     2.517599221785085837e-38     1.579121694594511051e-36     2.149965741066355499e-46     3.811517919800293043e-53     1.040221177154313630e-44     6.782145693478204889e-49     9.100453756260508245e-84     1.357234621128516611e-66     2.312104798471680610e-36     9.316259254376811102e-67
6.161616161616162435e-01     5.287022941232245330e+02     0.000000000000000000e+00     3.033468061251853309e-01     1.235060637586361532e-01     5.679935372805876570e-01     1.799198653217118271e-20     9.602939305066911141e-47     2.334946793326445127e-45     1.006645385903520012e-01     2.171471982419157414e-26     1.090425862969359407e-64     4.096295805495194264e-38     7.027379342462773286e-50     1.682252951872399982e-32     2.078358603704242302e-01     7.490516854712257565e-21     3.789601371394771018e-35     6.041093908474769687e-45     5.103037169483283667e-28     8.013783054997843487e-22     6.838942201872119879e-31     2.145056110379681689e-26     1.485574137360623968e-36     2.256363318051387809e-27     2.369086076858901652e-35     1.127859108007688273e-38     6.942087034049886203e-37     7.564916081114837804e-47     1.128574957965293485e-53     3.882149752704503750e-45     2.370484214655501724e-49     1.430328706701698898e-84     3.307331176909677764e-67     9.976887369904047763e-37     2.262352637421976797e-67
6.262626262626262985e-01     5.238127626545094699e+02     0.000000000000000000e+00     3.020243394552192262e-01     1.080063726112931027e-01     5.767175518729011907e-01     1.145556335611311473e-20     3.174905023520921992e-47     7.939325163188553204e-46     9.801547178534479599e-02     1.162412720484198920e-26     2.562896988798836129e-65     1.821280910993930561e-38     2.273406850027750912e-50     7.462142935654670859e-33     2.172606037304608551e-01     4.775090091226075925e-21     1.676505911220150088e-35     2.079636247234115789e-45     2.623209068067215651e-28     5.762043294220787163e-22     3.754041856730389659e-31     1.239584500659954161e-26     6.898817404095217604e-37     1.347815470402549636e-27     1.117142909004642679e-35     4.939977285277193504e-39     2.982710914553470147e-37     2.589040299169454936e-47     3.239501525556576490e-54     1.411526544504617722e-45     8.060214959473369186e-50     2.150576450133975871e-85     7.782859968966520853e-68     4.185317449885969137e-37     5.304998995159836175e-68
6.363636363636364646e-01     5.188673780774407760e+02     0.000000000000000000e+00     3.007860459724753799e-01     9.302358437970871530e-02     5.855531616974044562e-01     7.190672424995553210e-21     1.015645714293654223e-47     2.612602273148132986e-46     9.536640498033639723e-02     6.105839513417280571e-27     5.763799472477698412e-66     7.905510419719363495e-39     7.110912644317120807e-51     3.212273545685452633e-33     2.260568489425504313e-01     2.984684817025180854e-21     7.192037968535076505e-36     6.889616264667362393e-46     1.306567728861644067e-28     4.054953918040540747e-22     2.000344496839292427e-31     6.964886407993642603e-27     3.094249163326072847e-37     7.883270749603332341e-28     5.121141126265763836e-36     2.098655951032993998e-39     1.242357607179881509e-37     8.530612139807084009e-48     8.910656491967131424e-55     4.953398245811387221e-46     2.639670423051720698e-50     3.040195989227762256e-86     1.745572610427933448e-68     1.691948098577532247e-37     1.185497291313344404e-68
6.464646464646465196e-01     5.138208686790389947e+02     0.000000000000000000e+00     2.996496462893831758e-01     7.869182807661877221e-02     5.945293241418393437e-01     4.427373245434096853e-21     3.107872307182630085e-48     8.225101723730584375e-47     9.271733817576180425e-02     3.126481346561670744e-27     1.221148262452878428e-66     3.322582517276811662e-39     2.125475326797954857e-51     1.329664400068383002e-33     2.340615096057802880e-01     1.818940349918869146e-21     2.963193167542339713e-36     2.169584419115883698e-46     6.251882535751465450e-29     2.779299665389110280e-22     1.026586977151567250e-31     3.777355744331353695e-27     1.327499404275896566e-37     4.487928164769011297e-28     2.262784247720209505e-36     8.567243017811563891e-40     4.968725693514961474e-38     2.673612358826172826e-48     2.317001735392978007e-55     1.659342233613323192e-46     8.229009460498553875e-51     3.959825148500353714e-87     3.674480481590592606e-69     6.523174173242274468e-38     2.486058793714095906e-69
6.565656565656565746e-01     5.086234200833852128e+02     0.000000000000000000e+00     2.986355646563273458e-01     6.516589458688516745e-02     6.036794573240272799e-01     2.658171477783646901e-21     8.976022919294695520e-49     2.444218966238390368e-47     9.006827137729025989e-02     1.548668524450383375e-27     2.393359039545284780e-67     1.339186317994915821e-39     5.988722949166244358e-52     5.235520599225577334e-34     2.410863767117974732e-01     1.073637533342209181e-21     1.159374752667631306e-36     6.400872346214303390e-47     2.844966242212861235e-29     1.844513821394867448e-22     5.027281243485162354e-32     1.960410883396557635e-27     5.385777583041918672e-38     2.469427451905120621e-28     9.540605686039212613e-37     3.323931311443179167e-40     1.886822722326366592e-38     7.858829148447840849e-49     5.605515642468009367e-56     5.238207917785435806e-47     2.408581025110317806e-51     4.640650485136874608e-88     7.130066875549537357e-70     2.369329725002865711e-38     4.804834287863453481e-70
6.666666666666667407e-01     5.032210626460359890e+02     0.000000000000000000e+00     2.977670552248033453e-01     5.262137358319727426e-02     6.130414696736852243e-01     1.545675536524694161e-21     2.409356638721077902e-49     6.750234641713604107e-48     8.741920456530700989e-02     7.355386907702308320e-28     4.249141530175895168e-68     5.119289893928250139e-40     1.565704410413104902e-52     1.936549910075565132e-34     2.469179521778104014e-01     6.090615430588556046e-22     4.251626440835860413e-37     1.739773772159886976e-47     1.216785153039564977e-29     1.177175926147273971e-22     2.323836073376681864e-32     9.638602263686796400e-28     2.039007855731608208e-38     1.302599653105253397e-28     3.794081089061399511e-37     1.210155603388929191e-40     6.715128663594234609e-39     2.131337635562406922e-49     1.238736804077279596e-56     1.535165803462907255e-47     6.514323560307584775e-52     4.761076706292815611e-89     1.249075735993696479e-70     7.992923021501611032e-39     8.381789449129092867e-71
6.767676767676767957e-01     4.975578510119748330e+02     0.000000000000000000e+00     2.970696759508473228e-01     4.124960664086090023e-02     6.226566703012585968e-01     8.638482622229458365e-22     5.907738810001458058e-50     1.702658848687108309e-48     8.477013776030835335e-02     3.316607629909859088e-28     6.674804876455918715e-69     1.833148916024398897e-40     3.731844413801317488e-53     6.635187557222919706e-35     2.513235852975721496e-01     3.291972054978403183e-22     1.440031326103232300e-37     4.275285599925610193e-48     4.826847663416811605e-30     7.168655625825480780e-23     1.001623570936780167e-32     4.438698157920901242e-28     7.096514009525275086e-39     6.526879928171261126e-29     1.404623987208179450e-37     4.075702290691590762e-41     2.207387325486348175e-39     5.236211241404968044e-50     2.449400073252248032e-57     4.107568554727570506e-48     1.599253414797755757e-52     4.146986246131353804e-90     1.930013357024600610e-71     2.464663891664643603e-39     1.289257833370943202e-71
6.868686868686869618e-01     4.915811594375911113e+02     0.000000000000000000e+00     2.965695042836702933e-01     3.124301028773060832e-02     6.325666004110618301e-01     4.603243266039307308e-22     1.299553232418660629e-50     3.851710244133880966e-49     8.212107095570787829e-02     1.405121975261320358e-28     9.051380838904236035e-70     6.069623640235591577e-41     7.960645189386517363e-54     2.075102764743368430e-35     2.540693183454997284e-01     1.679869411028251184e-22     4.435826224485776640e-38     9.312821392836068578e-49     1.751356357271338418e-30     4.131515471137831721e-23     3.974148336092005840e-33     1.891823074264416780e-28     2.235074602355025649e-39     3.076757535401631616e-29     4.775051938311587992e-38     1.250892799421069606e-41     6.600152726720947775e-40     1.143131325645951781e-50     4.240981779964278074e-58     9.859351293273455391e-49     3.497611536047413670e-53     2.969606868281351388e-91     2.566845387534126392e-72     6.831177766845279388e-40     1.706287596864052689e-72
6.969696969696970168e-01     4.852512528174490285e+02     0.000000000000000000e+00     2.962894404964626083e-01     2.276626147424411911e-02     6.428068124490400326e-01     2.321559054743620336e-22     2.522084233729026381e-51     7.683828089705535029e-50     7.947200415032416865e-02     5.539769588727351552e-29     1.035671572822161126e-70     1.836020569070600186e-41     1.494019515557557449e-54     5.843626984009738128e-36     2.549549219263916866e-01     8.025079743149711708e-23     1.225091655983148365e-38     1.765693308767726731e-49     5.737992650705860200e-31     2.236468843417204639e-23     1.434363120056237616e-33     7.380605522192540497e-29     6.278301507440723890e-40     1.352384340665299539e-29     1.471805177513827867e-38     3.450382177315874200e-42     1.769836880662234767e-40     2.178529487592039633e-51     6.302632639772554555e-59     2.088824397253054892e-49     6.697514851564268035e-54     1.697087351007416146e-92     2.872800003285126885e-73     1.675707330889819795e-40     1.899536844573384989e-73
7.070707070707071829e-01     4.785544825175135770e+02     0.000000000000000000e+00     2.962435481814518212e-01     1.591376823520848291e-02     6.533976883589249773e-01     1.102283835383487425e-22     4.267287813906209039e-52     1.335650558220899120e-50     7.682293734527206874e-02     2.018614706223302831e-29     9.837914098632208723e-72     5.030560778775953185e-42     2.436996992984070821e-55     1.467616231522421298e-36     2.538656060605944398e-01     3.567680725815313022e-23     3.003126658045844027e-39     2.876472084251392515e-50     1.682297593252519482e-31     1.131082321695160614e-23     4.670007992179256777e-34     2.615317750198771940e-29     1.556854053056037513e-40     5.507887163266726539e-30     4.076385640869225036e-39     8.469802463623268058e-43     4.213724437367019385e-41     3.578882678435835566e-52     7.926551663894073906e-60     3.861539177810909374e-50     1.109218645287957082e-54     7.578938003422104203e-94     2.662773596070490255e-74     3.598739160724083563e-41     1.750512957190373044e-74
7.171717171717172379e-01     4.715154030644378622e+02     0.000000000000000000e+00     2.964310502010975013e-01     1.066642595518360430e-02     6.643351035999393028e-01     4.920182574535804244e-23     6.274259541424984965e-53     2.016445319623507217e-51     7.417387054813104341e-02     6.785496375245396288e-30     7.723739634563675746e-73     1.245480402629015011e-42     3.443398739645088592e-56     3.279263445088776388e-37     2.508245998967461032e-01     1.473800314503089775e-23     6.517376888970954014e-40     4.013080429763112127e-51     4.404419158998621120e-32     5.338136801113597807e-24     1.368841670410129549e-34     8.402186704486766319e-30     3.399623165025142661e-41     2.075138307772223468e-30     1.012152552536657224e-39     1.845561781339111793e-43     8.884506175819175944e-42     5.051589608486549295e-53     8.405420152458798705e-61     6.210600156770883291e-51     1.583769680848272954e-55     2.630356845845574244e-95     2.035489996497820035e-75     6.748932904287387572e-42     1.329788848223668845e-75
7.272727272727272929e-01     4.641994967418330589e+02     0.000000000000000000e+00     2.968334667997485909e-01     6.873731131326206098e-03     6.755865656769750593e-01     2.071547558361466120e-23     8.076964368946585516e-54     2.664165248208166297e-52     7.152480373989339446e-02     2.113189780530464010e-30     5.063411301603999639e-74     2.801151875431849832e-43     4.246801693334960943e-57     6.561276676482634611e-38     2.460148994518054355e-01     5.680434891630814831e-24     1.260688242313602041e-40     4.836292545681910265e-52     1.036413783608528421e-32     2.360285789042678183e-24     3.633631738080098429e-35     2.461038951990643495e-30     6.584193977595918452e-42     7.263098050300465411e-31     2.266488107770609776e-40     3.592965123485916407e-44     1.670050927510926734e-42     6.177600319936662722e-54     7.585757142647092026e-62     8.756221089031122624e-52     1.965332853090308729e-56     7.192746768413252426e-97     1.296736487754684266e-76     1.113774772296614645e-42     8.414972495129603400e-77
7.373737373737374590e-01     4.567011375827377719e+02     0.000000000000000000e+00     2.974178219324392636e-01     4.281453798360945230e-03     6.870971883508300015e-01     8.288389865116657185e-24     9.256834553173183484e-55     3.133028790166764453e-53     6.887573693280013565e-02     6.155798861537591800e-31     2.835781491105967854e-75     5.791282057465803743e-44     4.650217033316281093e-58     1.192261256060772002e-38     2.397456209180087727e-01     2.060940379239444217e-24     2.205971121993757745e-41     5.130403218064174189e-53     2.222501449236083397e-33     9.859199279725981788e-25     8.847152179443109998e-36     6.650766185475270255e-31     1.148588202522925819e-42     2.383509094950669539e-31     4.637354244740112997e-41     6.339184803601806306e-45     2.839801213911246413e-43     6.665774092124747059e-55     5.946809611935351153e-63     1.100339489946899200e-52     2.157393938356267300e-57     1.597277072368594706e-98     7.044690844265755247e-78     1.644338750759026385e-43     4.539198737036280981e-78
7.474747474747475140e-01     4.491216979977506867e+02     0.000000000000000000e+00     2.981448239591313332e-01     2.594423286700847740e-03     6.988032466196281156e-01     3.181441863388272649e-24     9.647511231551576350e-56     3.350666712023289451e-54     6.622667012653349339e-02     1.697883476264390420e-31     1.396808873306147302e-76     1.117406448612223905e-44     4.619751793243614553e-59     2.002892674069743817e-39     2.323756599671376877e-01     7.117971069675754694e-25     3.557750979847441669e-42     4.906358232798371645e-54     4.419443487116129726e-34     3.931563997997451674e-25     2.007694940735175240e-36     1.683266244277160127e-31     1.840200654280650241e-43     7.419842974023693350e-32     8.813985692970728517e-42     1.032051429999902327e-45     4.449563998188651879e-44     6.494662988292963031e-56     4.155736206759975177e-64     1.258596124579502459e-53     2.142339532373099599e-58     2.992906433478100066e-100     3.359871127274269960e-79     2.217230199559272703e-44     2.148900821122070026e-79
7.575757575757576801e-01     4.415497769824922329e+02     0.000000000000000000e+00     2.989773695647103269e-01     1.539002051338780701e-03     7.106456643119354322e-01     1.182403727886442777e-24     9.333495696353363162e-57     3.327630615676686409e-55     6.357760332084269606e-02     4.486897143760992066e-32     6.224624439958750481e-78     2.041789372608708309e-45     4.252292969929481612e-60     3.164713749604083024e-40     2.242377303158830937e-01     2.365775413063554901e-25     5.385472960690477196e-43     4.329124611502419862e-55     8.287326188316272618e-35     1.511899118458469371e-25     4.312783033890970451e-37     4.048081185447899791e-32     2.759237275303903613e-44     2.215922064333509961e-32     1.581296772577786324e-42     1.577790896827444636e-46     6.540046530004681093e-45     5.843490999738721119e-57     2.654435562697862331e-65     1.337290738250880420e-54     1.966628484494227780e-59     4.910681740929118194e-102     1.446950056274672615e-80     2.785759468168117431e-45     9.183629924023185192e-81
7.676767676767677351e-01     4.340515307556826201e+02     0.000000000000000000e+00     2.998855687989062102e-01     8.981550386047256265e-04     7.225775852844175118e-01     4.287257646777746647e-25     8.523674899156179897e-58     3.121654220595325772e-56     6.092853651549050287e-02     1.147061971529581835e-32     2.568244764032709507e-79     3.575593153539676788e-46     3.689093100104542556e-61     4.769689310243158468e-41     2.155957231614872016e-01     7.634221728245602552e-26     7.765774411512771892e-44     3.591641433390476738e-56     1.485669722102733260e-35     5.652884712005841042e-26     8.880974630852027808e-38     9.359892249389610735e-33     3.931867006931888085e-45     6.407226168464547647e-33     2.712995235814327523e-43     2.297506270525752609e-47     9.149442340698109023e-46     4.944566731363379049e-58     1.581623293614946716e-66     1.341879238004383785e-55     1.698538442869440649e-60     7.271576579379500908e-104     5.756722288570341862e-82     3.314649348259037828e-46     3.625088829028235018e-82
7.777777777777777901e-01     4.266705266772816003e+02     0.000000000000000000e+00     3.008478558369724332e-01     5.174905809087547003e-04     7.345656776029584334e-01     1.524943316827240371e-25     7.437028988232657415e-59     2.800525370718417730e-57     5.827946971031823520e-02     2.856597842127267448e-33     9.976476764537362447e-81     6.052462101475013905e-47     3.053928048857431135e-62     6.926275494040302742e-42     2.066373621058146814e-01     2.407165421509994579e-26     1.078245120942942464e-44     2.840461609891683978e-57     2.571354314647259888e-36     2.067034896024708575e-26     1.769067865021843682e-38     2.098394452207238378e-33     5.383847715975567379e-46     1.805434476467897356e-33     4.493057608457217764e-44     3.219335385199441306e-48     1.231122668956429295e-46     3.986936651922447842e-59     8.920576350760058698e-68     1.286715888929361300e-56     1.397741626277755945e-61     9.930486318088591827e-106     2.150763819162871189e-83     3.778675248958078868e-47     1.343544778760106524e-83
7.878787878787879562e-01     4.194323909622589781e+02     0.000000000000000000e+00     3.018497963976303766e-01     2.950216168788177959e-04     7.465879230714838055e-01     5.340559011473588579e-26     6.248818434089192046e-60     2.422428979244032348e-58     5.563040290524469411e-02     6.961773426075477504e-34     3.689496673081796849e-82     9.958134678547263952e-48     2.431944387244051798e-63     9.754998600906717611e-43     1.974866524063926543e-01     7.447777399575745467e-27     1.451812785753834332e-45     2.160925012639556311e-58     4.324461031437472982e-37     7.419896758410430185e-27     3.429151612997455004e-39     4.586646392701576614e-34     7.135480486284193593e-47     4.978831116566737040e-34     7.226835125325926990e-45     4.370067744468319686e-49     1.604270326225610008e-47     3.090054883984196151e-60     4.808322852466160636e-69     1.188148097431980474e-57     1.104956909271767091e-62     1.268627026679898107e-107     7.626509225158327041e-85     4.158451499622099346e-48     4.725489636494634104e-85
7.979797979797980112e-01     4.123502975171400067e+02     0.000000000000000000e+00     3.028822077980443672e-01     1.666237901359758199e-04     7.586304777510278763e-01     1.845802789537116522e-26     5.080443720064782882e-61     2.030548828310121137e-59     5.298133610020434175e-02     1.664981506290653285e-34     1.307996025427435504e-83     1.597803963389034670e-48     1.872114721958890329e-64     1.337816907435145814e-43     1.882215623586317166e-01     2.266956977651392839e-27     1.904021634944122751e-46     1.590359878277303628e-59     7.094477051876474998e-38     2.620477747408646298e-27     6.491380218426700083e-40     9.806884415880831017e-35     9.193927772007738565e-48     1.347056437464883956e-34     1.133082304947206914e-45     5.770005186557606702e-50     2.032913947718773626e-48     2.314180959943553476e-61     2.491137146374506728e-70     1.061346791922327198e-58     8.432498321534618876e-64     1.529100422987094947e-109     2.582964695194368538e-86     4.437752850359788290e-49     1.587282190750115641e-86
8.080808080808081773e-01     4.054294823014855069e+02     0.000000000000000000e+00     3.039394508962684482e-01     9.327783048329752337e-05     7.706849176912217159e-01     6.304511501799492122e-27     4.007303205462218143e-62     1.654196863944546175e-60     5.033226929518190562e-02     3.913733368915943002e-35     4.463112597467902183e-85     2.504533563370618980e-49     1.396902457434266780e-65     1.790368296184954360e-44     1.788895351831130964e-01     6.797953461751720992e-28     2.438350034844082438e-47     1.135988934813033349e-60     1.137743264037972720e-38     9.115439728126278766e-28     1.202349994471362441e-40     2.054760916169006279e-35     1.154454465960398887e-48     3.580182095888017394e-35     1.735155690130430473e-46     7.426461035216628733e-51     2.510746075749049530e-49     1.679591594791285248e-62     1.244361723669474168e-71     9.193455706479353187e-60     6.228480827388450446e-65     1.747020072060661945e-111     8.383211650234408574e-88     4.603154636825632120e-50     5.108792636744890797e-88
8.181818181818182323e-01     3.986704086113015251e+02     0.000000000000000000e+00     3.050181579434947943e-01     5.175970343223740966e-05     7.827462290075599682e-01     2.129732002764825766e-27     3.070213840907345748e-63     1.311658324242220700e-61     4.768320249016943374e-02     9.048648532930629948e-36     1.468865184019935601e-86     3.837878317092290960e-50     1.011556321284861801e-66     2.340300855068872423e-45     1.695188087988383774e-01     2.009676447597415357e-28     3.053117321582997761e-48     7.888920931085850767e-62     1.785279148330325435e-39     3.124250182540844909e-28     2.180846427231198705e-41     4.221859914610617217e-36     1.414255566052643347e-49     9.351354524521929341e-36     2.597422885849477763e-47     9.326570435529836998e-52     3.025245324526819920e-50     1.182992538363016096e-63     6.000872186293279009e-73     7.729238344779148449e-61     4.457311739475922588e-66     1.895887412209538951e-113     2.610757993950199306e-89     4.645227783767428023e-51     1.577635246914041797e-89
8.282828282828283983e-01     3.920708064247455127e+02     0.000000000000000000e+00     3.061163724055890323e-01     2.846017599297774115e-05     7.948114735747889847e-01     7.118379731183914986e-28     2.285388682934689826e-64     1.012905068204361292e-62     4.503413568515721860e-02     2.058129353273293616e-36     4.666956070194000509e-88     5.749294880769936332e-51     7.110857821273582153e-68     2.988422612461230322e-46     1.601259305640608255e-01     5.858228267129846632e-29     3.739637074558753243e-49     5.330080672047587237e-63     2.741359061596778926e-40     1.054914905924392722e-28     3.873970889848869078e-42     8.506972861213995951e-37     1.690645933075546816e-50     2.400149130218977359e-36     3.801094987034682714e-48     1.143030713889044063e-52     3.556823281645910716e-51     8.088842290317184731e-65     2.794239638698909321e-74     6.306750032323199358e-62     3.090493707470938206e-67     1.954907935423004518e-115     7.801252541170758285e-91     4.560317072941896364e-52     4.674096152408875253e-91
8.383838383838384534e-01     3.856269198854906790e+02     0.000000000000000000e+00     3.072329995295240979e-01     1.549733236152653920e-05     8.068789497499141428e-01     2.354474117451489010e-28     1.652182657289420320e-65     7.617822599769434417e-64     4.238506888014673124e-02     4.604558171573698610e-37     1.431698871259595740e-89     8.415538635776417910e-52     4.850614226026556129e-69     3.726232781355399623e-47     1.507204840375775123e-01     1.683574110657569745e-29     4.480679633599139246e-50     3.503890326180537098e-64     4.117630421901343984e-41     3.507208023340388657e-29     6.736572116446382105e-43     1.680275282482125510e-37     1.971471543232915474e-51     6.050124413143962167e-37     5.435548427396321244e-49     1.366492021319114658e-53     4.078774000687294992e-52     5.367512066917599374e-66     1.255465619106846210e-75     4.990674700387801903e-63     2.074579237435735269e-68     1.913706956851896335e-117     2.234439927585569551e-92     4.352116734355465186e-53     1.327262859890877932e-92
8.484848484848485084e-01     3.793342456713608044e+02     0.000000000000000000e+00     3.083674666452900226e-01     8.349986179935064702e-06     8.189476814447239628e-01     7.706817880257243370e-29     1.159022862166316576e-66     5.577434006824188973e-65     3.973600207514071947e-02     1.012856581142764025e-37     4.239086936089248320e-91     1.202583980937384026e-52     3.208070758532357205e-70     4.533073321078677790e-48     1.413079664939554669e-01     4.768177215200956289e-30     5.249558750295183570e-51     2.240310769052161846e-65     6.045016116017846977e-42     1.147135875933387807e-29     1.145826175360450974e-43     3.250604611771314704e-38     2.240733505990611326e-52     1.496513989275796529e-37     7.588949386751615232e-50     1.592228518277516801e-54     4.558273920006941516e-53     3.453693438865446860e-67     5.436061277425101831e-77     3.825066227639166140e-64     1.346546598034497063e-69     1.775496150985390954e-119     6.123900932673470033e-94     4.032502584964901792e-54     3.606060359849272438e-94
8.585858585858586745e-01     3.731879594290536488e+02     0.000000000000000000e+00     3.095195173620772788e-01     4.446864081565768223e-06     8.310171135417401267e-01     2.496309656576669617e-29     7.879991381393042076e-68     3.972651755268842288e-66     3.708693527013031538e-02     2.189181250576955771e-38     1.210528795740856188e-92     1.675698176399007884e-53     2.054592610233685911e-71     5.373977075336198746e-49     1.318915043240480034e-01     1.330055618878508646e-30     6.010173498958313377e-52     1.392233127297465325e-66     8.663898436557488284e-43     3.687155742553193753e-30     1.904130106832258692e-44     6.152191665652753405e-39     2.479374131416624478e-53     3.628174247620132286e-38     1.033264995235280507e-50     1.806074389915339043e-55     4.958586866591269071e-54     2.152223367823871768e-68     2.264250236092146681e-78     2.834530222719445682e-65     8.435937286732380198e-71     1.557417449107995761e-121     1.602189594030556303e-95     3.621307158685504913e-55     9.351831116367086323e-96
8.686868686868687295e-01     3.671831566264681328e+02     0.000000000000000000e+00     3.106890884896213456e-01     2.337605237022670955e-06     8.430869329195791462e-01     8.000445155253360669e-30     5.184012302926009750e-69     2.750200890635686829e-67     3.443786846512297134e-02     4.645535125819190895e-39     3.330542271511950267e-94     2.273325363576422762e-54     1.272172118414920562e-72     6.198924711892601729e-50     1.224728610100610376e-01     3.651299554671766024e-31     6.718290753206209155e-53     8.401470151845765361e-68     1.210444895635516252e-43     1.162987529318560259e-30     3.086948798826474408e-45     1.137469907284626245e-39     2.666759813630797300e-54     8.609014035428248401e-39     1.369860136677895623e-51     1.991275892375935968e-56     5.242462813551616541e-55     1.296852989513825540e-69     9.051628789628977399e-80     2.026345284431622244e-66     5.089618749838471699e-72     1.287578767647110890e-123     3.989481176567761568e-97     3.144946601685163424e-56     2.308011478331860639e-97
8.787878787878788955e-01     3.613149851268569250e+02     0.000000000000000000e+00     3.118762370360751990e-01     1.210877462928448172e-06     8.551569644180658791e-01     2.536630911609005666e-30     3.293428376248922672e-70     1.848326547424549467e-68     3.178880166011015945e-02     9.668703405584150964e-40     8.817218647780439579e-96     2.997018515795162445e-55     7.600392184125952307e-74     6.944259267164245915e-51     1.130530230443611145e-01     9.855116657124597897e-32     7.324232442500658522e-54     4.917287532138668360e-69     1.645423441842927038e-44     3.593313258150060736e-31     4.873164270781224091e-46     2.050668935388843280e-40     2.782821227640095716e-55     1.995664038830667490e-39     1.765037728895834580e-52     2.129904690187044432e-57     5.376493190555447165e-56     7.540964399731929517e-71     3.462945575222197219e-81     1.393554965187068540e-67     2.948862755448203728e-73     9.993850640584719075e-126     9.419003125262176208e-99     2.634027147325986413e-57     5.400395990907566529e-99
8.888888888888889506e-01     3.555787154903169949e+02     0.000000000000000000e+00     3.130810971169563639e-01     6.167531870057109945e-07     8.672271109013115487e-01     7.955233549994741746e-31     2.015577662232260143e-71     1.204204709226063002e-69     2.913973485521554468e-02     1.971203880428532697e-40     2.242545681969540667e-97     3.830486610180688535e-56     4.370377791781279977e-75     7.536883120860406911e-52     1.036325374902859892e-01     2.612068181621888266e-32     7.776936913642683051e-55     2.787357089228619227e-70     2.171165728847957806e-45     1.085136732454908176e-31     7.473654429731910758e-47     3.596639033051822040e-41     2.810670968587683129e-56     4.509235865519936785e-40     2.205061498000057134e-53     2.204877739559032920e-58     5.335934457102030329e-57     4.221033030748193410e-72     1.263368218914281662e-82     9.187566151161248547e-69     1.634995699004540255e-74     7.247321099437038141e-128     2.098682647432364343e-100     2.120255956180288131e-58     1.192411793802599460e-100
8.989898989898991166e-01     3.499697759029979807e+02     0.000000000000000000e+00     3.143038545666609340e-01     3.080450229202669430e-07     8.792973190024314656e-01     2.467284041037514480e-31     1.184607390880975175e-72     7.592098685806494215e-71     2.649066805153376530e-02     3.930433126146224603e-41     5.469026936047806883e-99     4.732182370851603259e-57     2.411262793186880071e-76     7.901533334367733178e-53     9.421170490101181405e-02     6.788140764020177702e-33     8.029115148613856138e-56     1.527496491860729873e-71     2.772702980564073254e-46     3.193829898744465906e-32     1.110243907364072860e-47     6.118942467082254905e-42     2.739371065478729793e-57     9.902554924083515129e-41     2.663072611813845300e-54     2.202403958710622780e-59     5.109288803782840969e-58     2.267333924364054034e-73     4.375463184523454821e-84     5.781349684980847759e-70     8.636642885333455015e-76     4.880465373226139036e-130     4.387065061364609317e-102     1.633124836704529284e-59     2.469854867370727479e-102
9.090909090909091717e-01     3.444837672700204507e+02     0.000000000000000000e+00     3.155447319564519404e-01     1.503312915528111774e-07     8.913675597047577837e-01     7.566039595636421048e-32     6.659624442092497381e-74     4.621691048035201284e-72     2.384160124509005635e-02     7.649266342860567935e-42     1.275864794038341302e-100     5.629164362504839820e-58     1.271406553387869884e-77     7.970890151748633808e-54     8.479068871886065450e-02     1.726263007145059416e-33     8.042959978741450363e-57     8.074515975671693151e-73     3.413865946404844645e-47     9.127975410847178065e-33     1.591534544703971906e-48     1.005988754486056852e-42     2.566401993884734174e-58     2.105695333891441178e-41     3.097224930983555829e-55     2.114532912056665756e-60     4.701799736561133123e-59     1.164093503907561091e-74     1.430242391719056028e-85     3.452525973321578673e-71     4.321676761029543179e-77     3.028203661434321799e-132     8.538304109291592280e-104     1.196895107364207988e-60     4.762611920881740212e-104
9.191919191919192267e-01     3.391164673609021634e+02     0.000000000000000000e+00     3.168039797112233713e-01     7.133732700690741520e-08     9.034378174004240591e-01     2.293557419447562313e-32     3.562490283372032389e-75     2.708793469785637303e-73     2.119253444031145295e-02     1.449170650435985261e-42     2.838631214184084809e-102     6.414862479164772984e-59     6.373259388812173558e-79     7.697570199083536379e-55     7.536957682193741459e-02     4.284742950245325181e-34     7.795644789444812274e-58     4.105344160276843485e-74     4.031938991816107644e-48     2.520733002195224085e-33     2.190429519949784802e-49     1.590234340107601740e-43     2.299329387445644375e-59     4.313988783915291365e-42     3.451243677198257157e-56     1.941364007784319702e-61     4.137039630729459925e-60     5.682737393214280870e-76     4.378736708550789033e-87     1.941926017194017470e-72     2.032979885840718185e-78     1.713386730048326069e-134     1.531558620507365515e-105     8.283695656813726391e-62     8.463325599899921579e-106
9.292929292929293927e-01     3.338638290440889591e+02     0.000000000000000000e+00     3.180818707777821053e-01     3.269539466389488416e-08     9.155080838069715732e-01     6.871422282582770938e-33     1.800437053115773669e-76     1.522728631918037004e-74     1.854346763633400383e-02     2.662996046785256246e-43     5.999031146764546178e-104     6.954141027105401346e-60     3.015518912109588825e-80     7.066309100048233563e-56     6.594841586129981947e-02     1.034327062519994825e-34     7.283727747611813191e-59     1.999882136170677405e-75     4.535897231819986022e-49     6.680232691806800390e-34     2.874268977986684083e-50     2.400275041792313497e-44     1.956207518612132770e-60     8.456612255942965167e-43     3.658835790660838745e-57     1.692425564336768326e-62     3.455971473417151999e-61     2.618842440085965751e-77     1.242371815055375291e-88     1.018064509824144169e-73     8.896744897341840805e-80     8.715806738203285985e-137     2.496818326617879374e-107     5.357963180225841576e-63     1.366737516552269584e-107
9.393939393939394478e-01     3.287219754480008760e+02     0.000000000000000000e+00     3.193786973789964900e-01     1.433129419119610554e-08     9.275783545936221453e-01     2.034138881047264614e-33     8.508725041146306251e-78     8.165779243926944499e-76     1.589440083006721238e-02     4.722023532643077448e-44     1.197560344630851298e-105     7.099317261074840419e-61     1.332974973923344252e-81     6.104028475793990898e-57     5.652723024501645627e-02     2.415934546743452896e-35     6.525609092528855277e-60     9.283819118433376003e-77     4.811762872121316316e-50     1.682078561493005564e-34     3.559858360270537388e-51     3.424733656450512343e-45     1.564415646284107637e-61     1.570365066239285476e-43     3.653240681695489096e-58     1.386784898730855462e-63     2.713253008464280913e-62     1.127659442587826881e-78     3.217407682640963928e-90     4.900084779585266303e-75     3.567546133098022665e-81     3.905528720252845886e-139     3.625471686825362651e-109     3.190359682676719094e-64     1.965665351112563992e-109
9.494949494949496138e-01     3.236871936256282538e+02     0.000000000000000000e+00     3.206947689935283896e-01     5.917122691320452941e-09     9.396486275270470312e-01     5.948521541342276726e-34     3.701857015490044073e-79     4.143682092695568448e-77     1.324533402514424356e-02     8.016399126383923350e-45     2.239544413926263146e-107     6.720122732681909213e-62     5.419280919445938754e-83     4.885221157709822249e-58     4.710603253068611912e-02     5.417734362215272370e-36     5.561397420947526068e-61     4.073708883571885074e-78     4.739292589994712171e-51     3.963120341576046509e-35     4.097645031463981256e-52     4.548412458789454520e-46     1.157883432304109170e-62     2.720273013453054163e-44     3.382608049791814049e-59     1.051618374467971354e-64     1.971063231660842546e-63     4.466446689723352282e-80     7.430184296444952814e-92     2.115714572524529895e-76     1.280771994993851037e-82     1.494311004052623521e-141     4.546038823118268119e-111     1.708842705617035331e-65     2.441071340812507253e-111
9.595959595959596689e-01     3.187559275905898630e+02     0.000000000000000000e+00     3.220304110576337475e-01     2.243514530135809777e-09     9.517189014837521555e-01     1.718011861505418074e-34     1.444818022136322244e-80     1.963595415857025331e-78     1.059626722039081100e-02     1.286151468444623511e-45     3.871194300797696512e-109     5.748590581228693475e-63     1.974624550406313378e-84     3.530364906197940704e-59     3.768482905234239733e-02     1.151458940924629591e-36     4.449912610740666137e-62     1.667422145875857104e-79     4.224091661589323117e-52     8.516845147296916990e-36     4.272551714151236258e-53     5.480597078595001608e-47     7.729827468551698760e-64     4.284695307573361292e-45     2.830730085527654604e-60     7.192407025410620772e-66     1.291267394220067414e-64     1.585710674247993061e-81     1.472200759367277308e-93     7.885416035353393750e-78     3.961047277261807297e-84     4.636484941485248133e-144     4.676184412837371402e-113     7.923102427974752257e-67     2.486542101397127171e-113
9.696969696969697239e-01     3.139247713740119821e+02     0.000000000000000000e+00     3.233859639330871061e-01     7.448946387068565437e-10     9.637891759106298473e-01     4.899174063642417215e-35     4.821657857251859052e-82     8.480951015390266496e-80     7.947200415027918033e-03     1.903815032202387166e-46     6.035519427120782822e-111     4.236319621079077814e-64     6.146041023602159048e-86     2.195987533462992704e-60     2.826362292944756965e-02     2.264442399989165956e-37     3.263031629779519614e-63     6.213428823690402573e-81     3.247803225903963232e-53     1.591735664067183448e-36     3.847077156332260275e-54     5.711934603566232538e-48     4.436769390913568385e-65     5.850542012296768277e-46     2.040974422252512908e-61     4.229196975167597884e-67     7.271690556267569796e-66     4.809575238070101943e-83     2.329262238968253694e-95     2.361411282303234945e-79     9.822736446102625788e-86     1.059952587105004571e-146     3.585973855051771205e-115     2.960088408545546625e-68     1.888086754789480863e-115
9.797979797979798899e-01     3.091904611709414326e+02     0.000000000000000000e+00     3.247617831846633663e-01     1.946768107889211314e-10     9.758594505418933807e-01     1.379071155174915164e-35     1.236134381711766684e-83     3.163609302013378231e-81     5.298133610027835547e-03     2.464378098735007553e-47     8.040737633413952052e-113     2.416717238793324650e-65     1.468128288810174204e-87     1.056498679866814155e-61     1.884241565340187552e-02     3.905823870789018171e-38     2.078073659188670883e-64     1.997346769814587778e-82     1.935779927639449427e-54     2.325217326908348342e-37     2.688139518589485300e-55     4.627285017566149678e-49     1.967443414649807855e-66     6.223902372016177742e-47     1.139291608394341603e-62     1.921127175169142590e-68     3.163025903951837234e-67     1.119691996609446917e-84     2.506591977856049522e-97     4.840445369603507474e-81     1.663829135842562757e-87     1.441414138026392983e-149     1.655548542727644317e-117     7.591686703717111415e-70     8.630189814444123679e-118
9.898989898989899450e-01     3.045498700125276628e+02     0.000000000000000000e+00     3.261582376712209297e-01     2.850801304772793071e-11     9.879297252560909071e-01     3.830908628644286725e-36     1.732149842473581869e-85     8.594408154545117770e-83     2.649066805009454764e-03     2.352899862349267774e-48     7.716910465894793686e-115     7.594678780897854442e-67     1.914906731908769083e-89     2.797438490250079632e-63     9.421207910391722964e-03     4.984174680893268815e-39     9.693257294813707165e-66     4.670336674439509155e-84     6.364669094773272416e-56     1.889638514549083689e-38     1.037307302730849743e-56     2.073616135087804997e-50     4.796138724594219972e-68     3.671245496828376613e-48     3.503696133340769976e-64     4.797172859376306484e-70     7.561923749743832300e-69     1.423493448419500864e-86     1.101279390095572081e-99     4.077173029461849706e-83     1.155617238874526503e-89     5.903221642324241464e-153     2.330234315247698855e-120     8.024370951710186074e-72     1.202523979698533681e-120
1.000000000000000000e+00     3.000000000009906103e+02     0.000000000000000000e+00     3.275757105510305189e-01     0.000000000000000000e+00     9.999999999999998890e-01     1.049902508238727593e-36     0.000000000000000000e+00     0.000000000000000000e+00     0.000000000000000000e+00     0.000000000000000000e+00     0.000000000000000000e+00     0.000000000000000000e+00     0.000000000000000000e+00     0.000000000000000000e+00     0.000000000000000000e+00     0.000000000000000000e+00     0.000000000000000000e+00     0.000000000000000000e+00     0.000000000000000000e+00     0.000000000000000000e+00     0.000000000000000000e+00     0.000000000000000000e+00     0.000000000000000000e+00     0.000000000000000000e+00     0.000000000000000000e+00     0.000000000000000000e+00     0.000000000000000000e+00     0.000000000000000000e+00     0.000000000000000000e+00     0.000000000000000000e+00     0.000000000000000000e+00     0.000000000000000000e+00     0.000000000000000000e+00     0.000000000000000000e+00     0.000000000000000000e+00
